0.36 ,0.40 ,0.33 ,0.34 ,0.29 ,0 
0.45 ,0.18 ,0.54 ,0.43 ,0.12 ,1 
0.70 ,0.22 ,0.89 ,0.87 ,0.88 ,2 
0.10 ,0.09 ,0.75 ,0.82 ,0.73 ,3 
0.71 ,0.71 ,0.68 ,0.58 ,0.20 ,4 
0.55 ,0.52 ,0.05 ,0.02 ,0.05 ,5 
0.25 ,0.23 ,0.74 ,0.70 ,0.22 ,6 
0.12 ,0.09 ,0.00 ,0.02 ,0.04 ,7 
0.54 ,0.14 ,0.04 ,0.09 ,0.74 ,8 
0.77 ,0.92 ,0.88 ,0.90 ,0.90 ,9 
0.70 ,0.13 ,0.03 ,0.03 ,0.04 ,10 
0.34 ,0.58 ,0.55 ,0.54 ,0.30 ,11 
0.64 ,0.65 ,0.62 ,0.12 ,0.11 ,12 
0.54 ,0.19 ,0.14 ,0.71 ,0.71 ,13 
0.30 ,0.21 ,0.25 ,0.67 ,0.82 ,14 
0.10 ,0.24 ,0.07 ,0.36 ,0.61 ,15 
0.21 ,0.90 ,0.85 ,0.86 ,0.82 ,16 
0.67 ,0.77 ,0.14 ,0.14 ,0.08 ,17 
0.09 ,0.11 ,0.07 ,0.51 ,0.55 ,18 
0.36 ,0.57 ,0.41 ,0.38 ,0.26 ,0 
0.40 ,0.21 ,0.49 ,0.35 ,0.11 ,1 
0.68 ,0.23 ,0.90 ,0.82 ,0.83 ,2 
0.14 ,0.18 ,0.85 ,0.79 ,0.79 ,3 
0.70 ,0.68 ,0.63 ,0.54 ,0.14 ,4 
0.54 ,0.54 ,0.10 ,0.06 ,0.07 ,5 
0.23 ,0.21 ,0.71 ,0.68 ,0.20 ,6 
0.14 ,0.13 ,0.01 ,0.02 ,0.04 ,7 
0.55 ,0.18 ,0.09 ,0.09 ,0.72 ,8 
0.74 ,0.92 ,0.87 ,0.88 ,0.90 ,9 
0.70 ,0.16 ,0.05 ,0.04 ,0.04 ,10 
0.30 ,0.42 ,0.41 ,0.37 ,0.17 ,11 
0.72 ,0.68 ,0.65 ,0.13 ,0.10 ,12 
0.51 ,0.18 ,0.12 ,0.76 ,0.71 ,13 
0.32 ,0.21 ,0.24 ,0.66 ,0.77 ,14 
0.08 ,0.23 ,0.04 ,0.04 ,0.50 ,15 
0.22 ,0.86 ,0.79 ,0.80 ,0.80 ,16 
0.66 ,0.75 ,0.11 ,0.10 ,0.09 ,17 
0.09 ,0.12 ,0.06 ,0.51 ,0.61 ,18 
0.30 ,0.42 ,0.32 ,0.30 ,0.26 ,0 
0.42 ,0.20 ,0.57 ,0.46 ,0.10 ,1 
0.70 ,0.21 ,0.84 ,0.71 ,0.80 ,2 
0.11 ,0.06 ,0.71 ,0.78 ,0.67 ,3 
0.70 ,0.66 ,0.63 ,0.54 ,0.13 ,4 
0.54 ,0.56 ,0.07 ,0.03 ,0.07 ,5 
0.18 ,0.21 ,0.71 ,0.66 ,0.18 ,6 
0.17 ,0.14 ,0.03 ,0.04 ,0.05 ,7 
0.55 ,0.18 ,0.10 ,0.09 ,0.69 ,8 
0.71 ,0.89 ,0.90 ,0.86 ,0.86 ,9 
0.66 ,0.11 ,0.04 ,0.03 ,0.04 ,10 
0.43 ,0.49 ,0.45 ,0.42 ,0.26 ,11 
0.70 ,0.61 ,0.64 ,0.18 ,0.11 ,12 
0.49 ,0.18 ,0.11 ,0.71 ,0.64 ,13 
0.33 ,0.20 ,0.24 ,0.62 ,0.70 ,14 
0.08 ,0.21 ,0.06 ,0.26 ,0.57 ,15 
0.18 ,0.87 ,0.84 ,0.82 ,0.83 ,16 
0.63 ,0.73 ,0.10 ,0.04 ,0.05 ,17 
0.09 ,0.09 ,0.07 ,0.51 ,0.53 ,18 
0.43 ,0.54 ,0.43 ,0.38 ,0.36 ,0 
0.40 ,0.21 ,0.46 ,0.29 ,0.11 ,1 
0.70 ,0.23 ,0.88 ,0.75 ,0.84 ,2 
0.10 ,0.12 ,0.79 ,0.82 ,0.73 ,3 
0.76 ,0.66 ,0.62 ,0.54 ,0.13 ,4 
0.55 ,0.55 ,0.07 ,0.04 ,0.04 ,5 
0.16 ,0.16 ,0.77 ,0.66 ,0.06 ,6 
0.12 ,0.10 ,0.02 ,0.02 ,0.05 ,7 
0.55 ,0.17 ,0.07 ,0.08 ,0.74 ,8 
0.84 ,0.79 ,0.74 ,0.69 ,0.79 ,9 
0.66 ,0.14 ,0.03 ,0.02 ,0.04 ,10 
0.35 ,0.50 ,0.54 ,0.52 ,0.30 ,11 
0.72 ,0.71 ,0.63 ,0.16 ,0.14 ,12 
0.62 ,0.18 ,0.13 ,0.78 ,0.67 ,13 
0.36 ,0.19 ,0.25 ,0.62 ,0.82 ,14 
0.07 ,0.21 ,0.05 ,0.06 ,0.49 ,15 
0.21 ,0.89 ,0.85 ,0.86 ,0.85 ,16 
0.68 ,0.73 ,0.13 ,0.10 ,0.08 ,17 
0.10 ,0.12 ,0.06 ,0.56 ,0.56 ,18 
0.41 ,0.51 ,0.47 ,0.46 ,0.30 ,0 
0.41 ,0.20 ,0.46 ,0.30 ,0.10 ,1 
0.63 ,0.20 ,0.78 ,0.67 ,0.77 ,2 
0.11 ,0.16 ,0.79 ,0.80 ,0.76 ,3 
0.73 ,0.61 ,0.63 ,0.57 ,0.17 ,4 
0.54 ,0.53 ,0.08 ,0.03 ,0.07 ,5 
0.10 ,0.11 ,0.72 ,0.68 ,0.08 ,6 
0.14 ,0.12 ,0.04 ,0.04 ,0.06 ,7 
0.58 ,0.16 ,0.07 ,0.08 ,0.74 ,8 
0.67 ,0.88 ,0.85 ,0.81 ,0.83 ,9 
0.67 ,0.17 ,0.03 ,0.03 ,0.05 ,10 
0.34 ,0.51 ,0.47 ,0.46 ,0.32 ,11 
0.64 ,0.68 ,0.59 ,0.07 ,0.10 ,12 
0.54 ,0.17 ,0.10 ,0.70 ,0.69 ,13 
0.28 ,0.19 ,0.25 ,0.66 ,0.72 ,14 
0.06 ,0.14 ,0.04 ,0.14 ,0.56 ,15 
0.18 ,0.90 ,0.82 ,0.84 ,0.82 ,16 
0.68 ,0.74 ,0.13 ,0.10 ,0.09 ,17 
0.14 ,0.10 ,0.05 ,0.55 ,0.53 ,18 
0.31 ,0.50 ,0.41 ,0.40 ,0.25 ,0 
0.44 ,0.18 ,0.53 ,0.39 ,0.15 ,1 
0.70 ,0.19 ,0.92 ,0.88 ,0.90 ,2 
0.14 ,0.16 ,0.85 ,0.90 ,0.83 ,3 
0.73 ,0.69 ,0.68 ,0.59 ,0.17 ,4 
0.61 ,0.65 ,0.12 ,0.03 ,0.09 ,5 
0.25 ,0.16 ,0.78 ,0.72 ,0.16 ,6 
0.16 ,0.13 ,0.05 ,0.02 ,0.05 ,7 
0.59 ,0.17 ,0.12 ,0.12 ,0.74 ,8 
0.73 ,0.95 ,0.90 ,0.96 ,0.93 ,9 
0.70 ,0.19 ,0.09 ,0.04 ,0.06 ,10 
0.38 ,0.64 ,0.53 ,0.46 ,0.27 ,11 
0.74 ,0.65 ,0.62 ,0.10 ,0.10 ,12 
0.57 ,0.18 ,0.15 ,0.83 ,0.71 ,13 
0.37 ,0.18 ,0.29 ,0.69 ,0.76 ,14 
0.09 ,0.15 ,0.07 ,0.18 ,0.61 ,15 
0.20 ,0.90 ,0.87 ,0.86 ,0.84 ,16 
0.74 ,0.76 ,0.15 ,0.05 ,0.08 ,17 
0.11 ,0.11 ,0.08 ,0.58 ,0.57 ,18 
0.42 ,0.55 ,0.53 ,0.50 ,0.34 ,0 
0.42 ,0.19 ,0.51 ,0.38 ,0.15 ,1 
0.74 ,0.21 ,0.93 ,0.86 ,0.92 ,2 
0.14 ,0.18 ,0.87 ,0.88 ,0.87 ,3 
0.75 ,0.70 ,0.68 ,0.63 ,0.13 ,4 
0.60 ,0.64 ,0.13 ,0.09 ,0.07 ,5 
0.28 ,0.19 ,0.81 ,0.76 ,0.21 ,6 
0.16 ,0.13 ,0.05 ,0.03 ,0.04 ,7 
0.62 ,0.18 ,0.10 ,0.10 ,0.80 ,8 
0.74 ,0.97 ,0.90 ,0.95 ,0.95 ,9 
0.69 ,0.17 ,0.09 ,0.04 ,0.06 ,10 
0.45 ,0.68 ,0.61 ,0.61 ,0.39 ,11 
0.70 ,0.60 ,0.63 ,0.10 ,0.12 ,12 
0.56 ,0.18 ,0.15 ,0.84 ,0.71 ,13 
0.37 ,0.18 ,0.31 ,0.71 ,0.72 ,14 
0.10 ,0.18 ,0.07 ,0.22 ,0.55 ,15 
0.20 ,0.90 ,0.87 ,0.87 ,0.83 ,16 
0.71 ,0.79 ,0.15 ,0.08 ,0.09 ,17 
0.21 ,0.12 ,0.09 ,0.62 ,0.59 ,18 
0.43 ,0.62 ,0.40 ,0.34 ,0.23 ,0 
0.40 ,0.19 ,0.56 ,0.46 ,0.14 ,1 
0.73 ,0.23 ,0.90 ,0.82 ,0.86 ,2 
0.10 ,0.14 ,0.76 ,0.86 ,0.74 ,3 
0.79 ,0.62 ,0.63 ,0.47 ,0.21 ,4 
0.59 ,0.60 ,0.10 ,0.05 ,0.08 ,5 
0.30 ,0.17 ,0.76 ,0.76 ,0.20 ,6 
0.14 ,0.12 ,0.06 ,0.03 ,0.05 ,7 
0.60 ,0.17 ,0.11 ,0.12 ,0.77 ,8 
0.74 ,0.90 ,0.90 ,0.92 ,0.90 ,9 
0.75 ,0.16 ,0.10 ,0.06 ,0.06 ,10 
0.48 ,0.62 ,0.59 ,0.67 ,0.57 ,11 
0.69 ,0.68 ,0.65 ,0.13 ,0.11 ,12 
0.59 ,0.18 ,0.15 ,0.84 ,0.70 ,13 
0.34 ,0.16 ,0.27 ,0.65 ,0.74 ,14 
0.10 ,0.23 ,0.09 ,0.21 ,0.55 ,15 
0.24 ,0.85 ,0.83 ,0.84 ,0.83 ,16 
0.77 ,0.77 ,0.16 ,0.10 ,0.10 ,17 
0.08 ,0.09 ,0.09 ,0.56 ,0.60 ,18 
0.30 ,0.47 ,0.40 ,0.37 ,0.26 ,0 
0.37 ,0.18 ,0.40 ,0.31 ,0.13 ,1 
0.72 ,0.20 ,0.90 ,0.82 ,0.85 ,2 
0.11 ,0.14 ,0.80 ,0.87 ,0.76 ,3 
0.77 ,0.62 ,0.67 ,0.57 ,0.16 ,4 
0.62 ,0.64 ,0.15 ,0.08 ,0.08 ,5 
0.30 ,0.16 ,0.76 ,0.75 ,0.19 ,6 
0.11 ,0.12 ,0.06 ,0.03 ,0.04 ,7 
0.59 ,0.18 ,0.12 ,0.10 ,0.72 ,8 
0.71 ,0.89 ,0.90 ,0.92 ,0.90 ,9 
0.72 ,0.18 ,0.08 ,0.03 ,0.04 ,10 
0.54 ,0.65 ,0.60 ,0.58 ,0.39 ,11 
0.80 ,0.75 ,0.63 ,0.10 ,0.10 ,12 
0.61 ,0.17 ,0.15 ,0.78 ,0.65 ,13 
0.29 ,0.18 ,0.29 ,0.70 ,0.79 ,14 
0.10 ,0.17 ,0.07 ,0.58 ,0.56 ,15 
0.18 ,0.84 ,0.81 ,0.81 ,0.81 ,16 
0.70 ,0.75 ,0.15 ,0.05 ,0.10 ,17 
0.15 ,0.14 ,0.12 ,0.62 ,0.61 ,18 
0.46 ,0.53 ,0.46 ,0.45 ,0.30 ,0 
0.36 ,0.18 ,0.41 ,0.24 ,0.13 ,1 
0.70 ,0.22 ,0.91 ,0.82 ,0.85 ,2 
0.22 ,0.18 ,0.87 ,0.90 ,0.83 ,3 
0.80 ,0.64 ,0.67 ,0.54 ,0.19 ,4 
0.62 ,0.62 ,0.13 ,0.04 ,0.09 ,5 
0.22 ,0.17 ,0.74 ,0.68 ,0.17 ,6 
0.14 ,0.14 ,0.08 ,0.03 ,0.06 ,7 
0.59 ,0.18 ,0.10 ,0.09 ,0.75 ,8 
0.74 ,0.94 ,0.90 ,0.91 ,0.91 ,9 
0.70 ,0.16 ,0.08 ,0.05 ,0.06 ,10 
0.38 ,0.67 ,0.58 ,0.58 ,0.38 ,11 
0.70 ,0.62 ,0.63 ,0.08 ,0.10 ,12 
0.53 ,0.17 ,0.15 ,0.78 ,0.67 ,13 
0.42 ,0.17 ,0.27 ,0.67 ,0.70 ,14 
0.11 ,0.18 ,0.07 ,0.23 ,0.56 ,15 
0.23 ,0.95 ,0.87 ,0.90 ,0.83 ,16 
0.64 ,0.73 ,0.14 ,0.06 ,0.08 ,17 
0.14 ,0.12 ,0.11 ,0.56 ,0.61 ,18 
0.38 ,0.53 ,0.43 ,0.38 ,0.29 ,0 
0.38 ,0.18 ,0.49 ,0.32 ,0.12 ,1 
0.69 ,0.21 ,0.86 ,0.81 ,0.88 ,2 
0.12 ,0.13 ,0.78 ,0.84 ,0.71 ,3 
0.86 ,0.75 ,0.65 ,0.55 ,0.14 ,4 
0.63 ,0.62 ,0.13 ,0.05 ,0.08 ,5 
0.31 ,0.16 ,0.74 ,0.70 ,0.21 ,6 
0.22 ,0.16 ,0.09 ,0.05 ,0.05 ,7 
0.59 ,0.16 ,0.11 ,0.10 ,0.71 ,8 
0.70 ,0.94 ,0.90 ,0.92 ,0.88 ,9 
0.71 ,0.18 ,0.08 ,0.04 ,0.04 ,10 
0.49 ,0.68 ,0.60 ,0.70 ,0.45 ,11 
0.76 ,0.71 ,0.65 ,0.15 ,0.10 ,12 
0.55 ,0.17 ,0.15 ,0.81 ,0.66 ,13 
0.38 ,0.18 ,0.26 ,0.66 ,0.69 ,14 
0.17 ,0.18 ,0.07 ,0.54 ,0.58 ,15 
0.28 ,0.94 ,0.85 ,0.86 ,0.83 ,16 
0.71 ,0.79 ,0.21 ,0.15 ,0.08 ,17 
0.22 ,0.12 ,0.11 ,0.55 ,0.56 ,18 
0.18 ,0.25 ,0.19 ,0.14 ,0.11 ,0 
0.35 ,0.10 ,0.42 ,0.23 ,0.11 ,1 
0.62 ,0.12 ,0.90 ,0.84 ,0.83 ,2 
0.09 ,0.05 ,0.90 ,0.89 ,0.83 ,3 
0.72 ,0.66 ,0.57 ,0.54 ,0.12 ,4 
0.51 ,0.53 ,0.09 ,0.03 ,0.03 ,5 
0.18 ,0.10 ,0.66 ,0.69 ,0.17 ,6 
0.08 ,0.04 ,0.04 ,0.00 ,0.01 ,7 
0.57 ,0.10 ,0.08 ,0.06 ,0.75 ,8 
0.74 ,0.92 ,0.93 ,0.89 ,0.89 ,9 
0.69 ,0.12 ,0.07 ,0.01 ,0.01 ,10 
0.39 ,0.61 ,0.57 ,0.54 ,0.44 ,11 
0.69 ,0.65 ,0.55 ,0.06 ,0.08 ,12 
0.50 ,0.10 ,0.12 ,0.75 ,0.68 ,13 
0.30 ,0.12 ,0.16 ,0.60 ,0.71 ,14 
0.02 ,0.13 ,0.07 ,0.21 ,0.65 ,15 
0.15 ,0.94 ,0.87 ,0.85 ,0.75 ,16 
0.58 ,0.71 ,0.11 ,0.02 ,0.05 ,17 
0.04 ,0.07 ,0.21 ,0.61 ,0.62 ,18 
0.35 ,0.46 ,0.45 ,0.38 ,0.25 ,0 
0.35 ,0.11 ,0.36 ,0.23 ,0.10 ,1 
0.65 ,0.12 ,0.83 ,0.82 ,0.84 ,2 
0.03 ,0.07 ,0.83 ,0.82 ,0.72 ,3 
0.85 ,0.68 ,0.56 ,0.51 ,0.15 ,4 
0.55 ,0.55 ,0.08 ,0.04 ,0.03 ,5 
0.29 ,0.11 ,0.64 ,0.70 ,0.18 ,6 
0.15 ,0.06 ,0.05 ,0.01 ,0.02 ,7 
0.53 ,0.13 ,0.10 ,0.06 ,0.68 ,8 
0.74 ,0.90 ,0.90 ,0.90 ,0.89 ,9 
0.70 ,0.13 ,0.08 ,0.02 ,0.02 ,10 
0.52 ,0.64 ,0.65 ,0.58 ,0.37 ,11 
0.75 ,0.64 ,0.53 ,0.05 ,0.10 ,12 
0.50 ,0.10 ,0.12 ,0.73 ,0.64 ,13 
0.30 ,0.10 ,0.18 ,0.62 ,0.75 ,14 
0.02 ,0.11 ,0.06 ,0.08 ,0.55 ,15 
0.12 ,0.76 ,0.72 ,0.70 ,0.75 ,16 
0.70 ,0.75 ,0.10 ,0.02 ,0.05 ,17 
0.06 ,0.05 ,0.13 ,0.58 ,0.54 ,18 
0.43 ,0.51 ,0.41 ,0.38 ,0.26 ,0 
0.37 ,0.15 ,0.36 ,0.30 ,0.08 ,1 
0.69 ,0.15 ,0.83 ,0.74 ,0.79 ,2 
0.10 ,0.12 ,0.85 ,0.83 ,0.75 ,3 
0.78 ,0.63 ,0.53 ,0.50 ,0.17 ,4 
0.52 ,0.51 ,0.08 ,0.00 ,0.03 ,5 
0.15 ,0.12 ,0.67 ,0.62 ,0.20 ,6 
0.06 ,0.05 ,0.04 ,0.00 ,0.02 ,7 
0.57 ,0.14 ,0.08 ,0.05 ,0.70 ,8 
0.76 ,0.93 ,0.92 ,0.90 ,0.89 ,9 
0.70 ,0.12 ,0.08 ,0.02 ,0.02 ,10 
0.26 ,0.55 ,0.50 ,0.44 ,0.25 ,11 
0.75 ,0.71 ,0.52 ,0.04 ,0.10 ,12 
0.53 ,0.10 ,0.11 ,0.73 ,0.64 ,13 
0.34 ,0.11 ,0.18 ,0.66 ,0.70 ,14 
0.02 ,0.08 ,0.06 ,0.20 ,0.52 ,15 
0.13 ,0.86 ,0.76 ,0.77 ,0.76 ,16 
0.71 ,0.78 ,0.11 ,0.03 ,0.06 ,17 
0.02 ,0.03 ,0.07 ,0.53 ,0.56 ,18 
0.20 ,0.48 ,0.32 ,0.18 ,0.14 ,0 
0.31 ,0.14 ,0.36 ,0.29 ,0.10 ,1 
0.69 ,0.13 ,0.88 ,0.86 ,0.76 ,2 
0.02 ,0.08 ,0.82 ,0.82 ,0.70 ,3 
0.78 ,0.72 ,0.54 ,0.48 ,0.10 ,4 
0.52 ,0.57 ,0.08 ,0.03 ,0.04 ,5 
0.06 ,0.10 ,0.71 ,0.66 ,0.03 ,6 
0.14 ,0.12 ,0.09 ,0.04 ,0.03 ,7 
0.55 ,0.14 ,0.09 ,0.06 ,0.67 ,8 
0.74 ,0.96 ,0.91 ,0.88 ,0.86 ,9 
0.68 ,0.12 ,0.07 ,0.02 ,0.03 ,10 
0.32 ,0.58 ,0.58 ,0.49 ,0.29 ,11 
0.70 ,0.68 ,0.52 ,0.06 ,0.07 ,12 
0.51 ,0.11 ,0.12 ,0.69 ,0.69 ,13 
0.01 ,0.08 ,0.05 ,0.15 ,0.55 ,15 
0.11 ,0.86 ,0.74 ,0.80 ,0.82 ,16 
0.66 ,0.77 ,0.10 ,0.03 ,0.06 ,17 
0.05 ,0.04 ,0.11 ,0.54 ,0.49 ,18 
0.34 ,0.14 ,0.29 ,0.26 ,0.10 ,1 
0.65 ,0.14 ,0.87 ,0.81 ,0.82 ,2 
0.04 ,0.08 ,0.79 ,0.76 ,0.63 ,3 
0.75 ,0.71 ,0.57 ,0.56 ,0.10 ,4 
0.50 ,0.55 ,0.08 ,0.01 ,0.05 ,5 
0.26 ,0.12 ,0.66 ,0.67 ,0.19 ,6 
0.16 ,0.09 ,0.06 ,0.02 ,0.03 ,7 
0.53 ,0.14 ,0.08 ,0.05 ,0.65 ,8 
0.70 ,0.92 ,0.89 ,0.86 ,0.87 ,9 
0.73 ,0.12 ,0.08 ,0.02 ,0.03 ,10 
0.32 ,0.55 ,0.48 ,0.38 ,0.23 ,11 
0.70 ,0.75 ,0.54 ,0.05 ,0.08 ,12 
0.50 ,0.12 ,0.12 ,0.73 ,0.66 ,13 
0.37 ,0.12 ,0.18 ,0.65 ,0.78 ,14 
0.06 ,0.15 ,0.06 ,0.07 ,0.52 ,15 
0.13 ,0.83 ,0.74 ,0.70 ,0.79 ,16 
0.65 ,0.77 ,0.12 ,0.05 ,0.05 ,17 
0.05 ,0.04 ,0.18 ,0.63 ,0.60 ,18 
0.22 ,0.45 ,0.35 ,0.32 ,0.23 ,0 
0.39 ,0.14 ,0.32 ,0.28 ,0.09 ,1 
0.63 ,0.14 ,0.85 ,0.85 ,0.77 ,2 
0.07 ,0.08 ,0.88 ,0.84 ,0.79 ,3 
0.81 ,0.74 ,0.60 ,0.54 ,0.14 ,4 
0.53 ,0.54 ,0.08 ,0.01 ,0.03 ,5 
0.10 ,0.11 ,0.82 ,0.74 ,0.05 ,6 
0.08 ,0.05 ,0.06 ,0.01 ,0.02 ,7 
0.56 ,0.14 ,0.08 ,0.05 ,0.69 ,8 
0.70 ,0.93 ,0.90 ,0.87 ,0.83 ,9 
0.69 ,0.12 ,0.07 ,0.01 ,0.02 ,10 
0.29 ,0.58 ,0.55 ,0.46 ,0.25 ,11 
0.70 ,0.68 ,0.53 ,0.11 ,0.10 ,12 
0.50 ,0.12 ,0.13 ,0.75 ,0.65 ,13 
0.31 ,0.11 ,0.15 ,0.54 ,0.76 ,14 
0.05 ,0.10 ,0.05 ,0.12 ,0.54 ,15 
0.14 ,0.80 ,0.71 ,0.73 ,0.79 ,16 
0.69 ,0.76 ,0.11 ,0.07 ,0.09 ,17 
0.09 ,0.05 ,0.18 ,0.63 ,0.60 ,18 
0.34 ,0.53 ,0.45 ,0.44 ,0.26 ,0 
0.38 ,0.10 ,0.37 ,0.30 ,0.06 ,1 
0.62 ,0.09 ,0.85 ,0.88 ,0.81 ,2 
0.04 ,0.03 ,0.75 ,0.76 ,0.63 ,3 
0.73 ,0.69 ,0.55 ,0.47 ,0.08 ,4 
0.49 ,0.52 ,0.07 ,0.00 ,0.05 ,5 
0.26 ,0.08 ,0.66 ,0.69 ,0.09 ,6 
0.19 ,0.04 ,0.08 ,0.02 ,0.03 ,7 
0.60 ,0.12 ,0.08 ,0.05 ,0.68 ,8 
0.60 ,0.92 ,0.92 ,0.90 ,0.86 ,9 
0.70 ,0.12 ,0.07 ,0.02 ,0.03 ,10 
0.28 ,0.49 ,0.46 ,0.35 ,0.18 ,11 
0.69 ,0.64 ,0.49 ,0.08 ,0.09 ,12 
0.52 ,0.10 ,0.13 ,0.76 ,0.72 ,13 
0.31 ,0.05 ,0.17 ,0.58 ,0.78 ,14 
0.09 ,0.07 ,0.07 ,0.22 ,0.57 ,15 
0.13 ,0.79 ,0.66 ,0.70 ,0.73 ,16 
0.65 ,0.71 ,0.11 ,0.09 ,0.11 ,17 
0.06 ,0.01 ,0.10 ,0.59 ,0.53 ,18 
0.23 ,0.51 ,0.43 ,0.39 ,0.35 ,0 
0.37 ,0.00 ,0.26 ,0.19 ,0.07 ,1 
0.73 ,0.03 ,0.92 ,0.86 ,0.81 ,2 
0.05 ,0.01 ,0.80 ,0.78 ,0.65 ,3 
0.70 ,0.71 ,0.52 ,0.44 ,0.10 ,4 
0.50 ,0.50 ,0.08 ,0.01 ,0.04 ,5 
0.13 ,0.18 ,0.73 ,0.72 ,0.16 ,6 
0.14 ,0.05 ,0.06 ,0.01 ,0.01 ,7 
0.57 ,0.13 ,0.09 ,0.05 ,0.69 ,8 
0.75 ,0.97 ,0.90 ,0.88 ,0.85 ,9 
0.71 ,0.12 ,0.11 ,0.04 ,0.03 ,10 
0.30 ,0.45 ,0.48 ,0.38 ,0.17 ,11 
0.72 ,0.75 ,0.54 ,0.02 ,0.07 ,12 
0.51 ,0.10 ,0.12 ,0.82 ,0.70 ,13 
0.31 ,0.03 ,0.18 ,0.62 ,0.74 ,14 
0.15 ,0.10 ,0.05 ,0.04 ,0.50 ,15 
0.15 ,0.92 ,0.83 ,0.82 ,0.78 ,16 
0.64 ,0.74 ,0.10 ,0.02 ,0.04 ,17 
0.06 ,0.00 ,0.07 ,0.58 ,0.59 ,18 
0.41 ,0.59 ,0.48 ,0.38 ,0.23 ,0 
0.39 ,0.25 ,0.41 ,0.28 ,0.15 ,1 
0.74 ,0.27 ,0.86 ,0.90 ,0.92 ,2 
0.13 ,0.19 ,0.87 ,0.91 ,0.77 ,3 
0.76 ,0.75 ,0.59 ,0.57 ,0.17 ,4 
0.57 ,0.63 ,0.12 ,0.06 ,0.08 ,5 
0.32 ,0.25 ,0.74 ,0.78 ,0.22 ,6 
0.16 ,0.18 ,0.09 ,0.04 ,0.05 ,7 
0.60 ,0.24 ,0.13 ,0.09 ,0.74 ,8 
0.77 ,0.93 ,0.94 ,0.97 ,0.93 ,9 
0.72 ,0.23 ,0.13 ,0.06 ,0.06 ,10 
0.30 ,0.47 ,0.49 ,0.41 ,0.24 ,11 
0.70 ,0.73 ,0.58 ,0.09 ,0.11 ,12 
0.57 ,0.25 ,0.18 ,0.82 ,0.78 ,13 
0.36 ,0.25 ,0.24 ,0.65 ,0.82 ,14 
0.10 ,0.21 ,0.11 ,0.25 ,0.58 ,15 
0.20 ,0.86 ,0.74 ,0.78 ,0.78 ,16 
0.70 ,0.79 ,0.15 ,0.07 ,0.09 ,17 
0.11 ,0.17 ,0.18 ,0.62 ,0.55 ,18 
0.33 ,0.54 ,0.42 ,0.36 ,0.28 ,0 
0.42 ,0.27 ,0.47 ,0.38 ,0.10 ,1 
0.66 ,0.27 ,0.86 ,0.89 ,0.86 ,2 
0.14 ,0.20 ,0.79 ,0.83 ,0.67 ,3 
0.76 ,0.80 ,0.60 ,0.59 ,0.13 ,4 
0.46 ,0.58 ,0.12 ,0.06 ,0.07 ,5 
0.24 ,0.25 ,0.72 ,0.78 ,0.21 ,6 
0.16 ,0.21 ,0.12 ,0.05 ,0.06 ,7 
0.61 ,0.25 ,0.13 ,0.10 ,0.76 ,8 
0.76 ,0.93 ,0.93 ,0.95 ,0.90 ,9 
0.70 ,0.22 ,0.12 ,0.05 ,0.06 ,10 
0.21 ,0.49 ,0.36 ,0.26 ,0.15 ,11 
0.68 ,0.75 ,0.59 ,0.15 ,0.10 ,12 
0.56 ,0.23 ,0.17 ,0.82 ,0.77 ,13 
0.38 ,0.24 ,0.21 ,0.68 ,0.77 ,14 
0.12 ,0.23 ,0.10 ,0.24 ,0.59 ,15 
0.22 ,0.81 ,0.74 ,0.80 ,0.79 ,16 
0.64 ,0.77 ,0.14 ,0.04 ,0.09 ,17 
0.12 ,0.17 ,0.21 ,0.62 ,0.57 ,18 
0.34 ,0.47 ,0.32 ,0.28 ,0.26 ,0 
0.38 ,0.24 ,0.29 ,0.28 ,0.11 ,1 
0.65 ,0.25 ,0.87 ,0.92 ,0.79 ,2 
0.14 ,0.21 ,0.88 ,0.90 ,0.75 ,3 
0.72 ,0.75 ,0.55 ,0.54 ,0.13 ,4 
0.53 ,0.60 ,0.12 ,0.05 ,0.08 ,5 
0.22 ,0.25 ,0.69 ,0.76 ,0.20 ,6 
0.14 ,0.18 ,0.09 ,0.04 ,0.06 ,7 
0.57 ,0.25 ,0.13 ,0.08 ,0.73 ,8 
0.65 ,0.91 ,0.86 ,0.92 ,0.85 ,9 
0.70 ,0.23 ,0.13 ,0.04 ,0.08 ,10 
0.34 ,0.58 ,0.54 ,0.46 ,0.30 ,11 
0.71 ,0.77 ,0.59 ,0.13 ,0.10 ,12 
0.51 ,0.23 ,0.18 ,0.74 ,0.76 ,13 
0.34 ,0.23 ,0.21 ,0.65 ,0.78 ,14 
0.10 ,0.22 ,0.10 ,0.12 ,0.70 ,15 
0.18 ,0.85 ,0.68 ,0.69 ,0.77 ,16 
0.68 ,0.78 ,0.15 ,0.05 ,0.09 ,17 
0.11 ,0.16 ,0.13 ,0.56 ,0.55 ,18 
0.34 ,0.53 ,0.42 ,0.36 ,0.23 ,0 
0.43 ,0.23 ,0.40 ,0.38 ,0.11 ,1 
0.70 ,0.24 ,0.85 ,0.95 ,0.90 ,2 
0.13 ,0.18 ,0.82 ,0.90 ,0.80 ,3 
0.80 ,0.76 ,0.63 ,0.62 ,0.14 ,4 
0.54 ,0.59 ,0.12 ,0.04 ,0.07 ,5 
0.25 ,0.23 ,0.68 ,0.74 ,0.23 ,6 
0.22 ,0.18 ,0.10 ,0.06 ,0.08 ,7 
0.60 ,0.22 ,0.13 ,0.08 ,0.62 ,8 
0.87 ,0.84 ,0.76 ,0.79 ,0.88 ,9 
0.68 ,0.24 ,0.12 ,0.05 ,0.08 ,10 
0.37 ,0.55 ,0.48 ,0.44 ,0.30 ,11 
0.71 ,0.76 ,0.58 ,0.14 ,0.11 ,12 
0.55 ,0.23 ,0.17 ,0.81 ,0.77 ,13 
0.36 ,0.23 ,0.20 ,0.62 ,0.79 ,14 
0.14 ,0.23 ,0.10 ,0.09 ,0.69 ,15 
0.19 ,0.82 ,0.71 ,0.78 ,0.77 ,16 
0.68 ,0.73 ,0.13 ,0.05 ,0.09 ,17 
0.10 ,0.14 ,0.13 ,0.62 ,0.59 ,18 
0.36 ,0.42 ,0.26 ,0.16 ,0.17 ,0 
0.42 ,0.20 ,0.40 ,0.25 ,0.11 ,1 
0.72 ,0.20 ,0.83 ,0.86 ,0.88 ,2 
0.12 ,0.14 ,0.83 ,0.86 ,0.89 ,3 
0.79 ,0.66 ,0.60 ,0.58 ,0.24 ,4 
0.50 ,0.54 ,0.10 ,0.02 ,0.07 ,5 
0.27 ,0.16 ,0.65 ,0.71 ,0.24 ,6 
0.13 ,0.11 ,0.07 ,0.02 ,0.05 ,7 
0.62 ,0.16 ,0.10 ,0.10 ,0.77 ,8 
0.79 ,0.91 ,0.93 ,0.90 ,0.92 ,9 
0.71 ,0.17 ,0.10 ,0.03 ,0.08 ,10 
0.32 ,0.40 ,0.39 ,0.34 ,0.19 ,11 
0.68 ,0.66 ,0.58 ,0.06 ,0.12 ,12 
0.59 ,0.14 ,0.15 ,0.80 ,0.69 ,13 
0.33 ,0.15 ,0.19 ,0.62 ,0.88 ,14 
0.09 ,0.10 ,0.09 ,0.14 ,0.73 ,15 
0.28 ,0.73 ,0.65 ,0.74 ,0.83 ,16 
0.66 ,0.68 ,0.12 ,0.06 ,0.10 ,17 
0.10 ,0.09 ,0.11 ,0.67 ,0.70 ,18 
0.34 ,0.49 ,0.36 ,0.24 ,0.25 ,0 
0.42 ,0.15 ,0.35 ,0.37 ,0.12 ,1 
0.75 ,0.16 ,0.85 ,0.90 ,0.88 ,2 
0.22 ,0.14 ,0.78 ,0.83 ,0.87 ,3 
0.75 ,0.66 ,0.56 ,0.56 ,0.17 ,4 
0.53 ,0.55 ,0.10 ,0.05 ,0.08 ,5 
0.25 ,0.16 ,0.67 ,0.70 ,0.28 ,6 
0.21 ,0.11 ,0.09 ,0.04 ,0.06 ,7 
0.58 ,0.15 ,0.11 ,0.07 ,0.67 ,8 
0.79 ,0.89 ,0.89 ,0.86 ,0.92 ,9 
0.75 ,0.17 ,0.13 ,0.06 ,0.08 ,10 
0.34 ,0.55 ,0.48 ,0.35 ,0.27 ,11 
0.70 ,0.70 ,0.56 ,0.06 ,0.10 ,12 
0.60 ,0.14 ,0.15 ,0.78 ,0.77 ,13 
0.34 ,0.14 ,0.18 ,0.65 ,0.84 ,14 
0.13 ,0.21 ,0.09 ,0.12 ,0.70 ,15 
0.26 ,0.72 ,0.62 ,0.68 ,0.79 ,16 
0.69 ,0.68 ,0.13 ,0.05 ,0.08 ,17 
0.11 ,0.08 ,0.08 ,0.46 ,0.61 ,18 
0.32 ,0.45 ,0.29 ,0.23 ,0.26 ,0 
0.47 ,0.18 ,0.40 ,0.38 ,0.11 ,1 
0.67 ,0.18 ,0.84 ,0.85 ,0.80 ,2 
0.16 ,0.14 ,0.79 ,0.83 ,0.84 ,3 
0.77 ,0.69 ,0.51 ,0.49 ,0.12 ,4 
0.54 ,0.61 ,0.12 ,0.06 ,0.10 ,5 
0.25 ,0.15 ,0.64 ,0.67 ,0.23 ,6 
0.22 ,0.11 ,0.11 ,0.05 ,0.08 ,7 
0.63 ,0.15 ,0.12 ,0.08 ,0.76 ,8 
0.80 ,0.88 ,0.90 ,0.85 ,0.91 ,9 
0.71 ,0.16 ,0.12 ,0.05 ,0.06 ,10 
0.38 ,0.61 ,0.54 ,0.44 ,0.30 ,11 
0.73 ,0.66 ,0.55 ,0.06 ,0.11 ,12 
0.59 ,0.16 ,0.15 ,0.78 ,0.78 ,13 
0.32 ,0.15 ,0.17 ,0.59 ,0.84 ,14 
0.11 ,0.11 ,0.08 ,0.03 ,0.58 ,15 
0.18 ,0.74 ,0.72 ,0.79 ,0.84 ,16 
0.68 ,0.75 ,0.15 ,0.12 ,0.10 ,17 
0.11 ,0.14 ,0.11 ,0.65 ,0.63 ,18 
0.32 ,0.53 ,0.28 ,0.26 ,0.21 ,0 
0.42 ,0.21 ,0.35 ,0.32 ,0.10 ,1 
0.72 ,0.23 ,0.96 ,0.87 ,0.79 ,2 
0.10 ,0.18 ,0.92 ,0.90 ,0.71 ,3 
0.80 ,0.75 ,0.60 ,0.58 ,0.14 ,4 
0.56 ,0.62 ,0.12 ,0.06 ,0.06 ,5 
0.28 ,0.23 ,0.74 ,0.82 ,0.25 ,6 
0.24 ,0.17 ,0.10 ,0.05 ,0.05 ,7 
0.64 ,0.21 ,0.13 ,0.10 ,0.77 ,8 
0.73 ,0.81 ,0.94 ,0.96 ,0.90 ,9 
0.77 ,0.22 ,0.15 ,0.09 ,0.07 ,10 
0.30 ,0.62 ,0.54 ,0.44 ,0.30 ,11 
0.70 ,0.73 ,0.63 ,0.08 ,0.11 ,12 
0.60 ,0.20 ,0.18 ,0.90 ,0.81 ,13 
0.32 ,0.18 ,0.20 ,0.67 ,0.88 ,14 
0.12 ,0.22 ,0.11 ,0.24 ,0.64 ,15 
0.28 ,0.71 ,0.69 ,0.78 ,0.87 ,16 
0.70 ,0.73 ,0.15 ,0.13 ,0.13 ,17 
0.13 ,0.14 ,0.11 ,0.64 ,0.65 ,18 
0.28 ,0.50 ,0.34 ,0.30 ,0.26 ,0 
0.38 ,0.22 ,0.37 ,0.32 ,0.11 ,1 
0.73 ,0.24 ,0.94 ,0.91 ,0.75 ,2 
0.10 ,0.18 ,0.94 ,0.90 ,0.65 ,3 
0.82 ,0.72 ,0.66 ,0.66 ,0.13 ,4 
0.59 ,0.65 ,0.13 ,0.06 ,0.10 ,5 
0.24 ,0.21 ,0.72 ,0.78 ,0.21 ,6 
0.23 ,0.19 ,0.12 ,0.06 ,0.07 ,7 
0.66 ,0.20 ,0.15 ,0.10 ,0.78 ,8 
0.75 ,0.87 ,0.96 ,0.96 ,0.90 ,9 
0.78 ,0.21 ,0.13 ,0.06 ,0.06 ,10 
0.32 ,0.58 ,0.61 ,0.52 ,0.36 ,11 
0.72 ,0.70 ,0.61 ,0.07 ,0.10 ,12 
0.61 ,0.20 ,0.18 ,0.91 ,0.78 ,13 
0.37 ,0.19 ,0.21 ,0.66 ,0.83 ,14 
0.09 ,0.14 ,0.08 ,0.05 ,0.58 ,15 
0.17 ,0.75 ,0.68 ,0.72 ,0.81 ,16 
0.71 ,0.73 ,0.15 ,0.10 ,0.12 ,17 
0.12 ,0.12 ,0.10 ,0.54 ,0.63 ,18 
0.30 ,0.50 ,0.43 ,0.34 ,0.31 ,0 
0.38 ,0.19 ,0.43 ,0.39 ,0.11 ,1 
0.78 ,0.21 ,0.97 ,0.91 ,0.86 ,2 
0.10 ,0.16 ,0.88 ,0.90 ,0.67 ,3 
0.86 ,0.71 ,0.65 ,0.59 ,0.15 ,4 
0.60 ,0.62 ,0.13 ,0.06 ,0.06 ,5 
0.27 ,0.19 ,0.76 ,0.79 ,0.24 ,6 
0.17 ,0.12 ,0.10 ,0.04 ,0.02 ,7 
0.67 ,0.20 ,0.14 ,0.10 ,0.76 ,8 
0.80 ,0.90 ,0.97 ,0.96 ,0.88 ,9 
0.78 ,0.20 ,0.16 ,0.10 ,0.07 ,10 
0.38 ,0.58 ,0.56 ,0.51 ,0.33 ,11 
0.77 ,0.73 ,0.63 ,0.07 ,0.10 ,12 
0.59 ,0.20 ,0.19 ,0.86 ,0.77 ,13 
0.30 ,0.20 ,0.23 ,0.67 ,0.79 ,14 
0.10 ,0.16 ,0.10 ,0.10 ,0.70 ,15 
0.20 ,0.76 ,0.78 ,0.86 ,0.86 ,16 
0.75 ,0.70 ,0.15 ,0.10 ,0.13 ,17 
0.11 ,0.12 ,0.10 ,0.62 ,0.62 ,18 
0.31 ,0.53 ,0.38 ,0.26 ,0.23 ,0 
0.46 ,0.21 ,0.38 ,0.42 ,0.10 ,1 
0.65 ,0.20 ,0.85 ,0.90 ,0.82 ,2 
0.10 ,0.18 ,0.94 ,0.91 ,0.68 ,3 
0.92 ,0.75 ,0.66 ,0.58 ,0.12 ,4 
0.60 ,0.62 ,0.13 ,0.08 ,0.07 ,5 
0.29 ,0.23 ,0.74 ,0.77 ,0.23 ,6 
0.23 ,0.17 ,0.12 ,0.06 ,0.05 ,7 
0.67 ,0.21 ,0.15 ,0.12 ,0.79 ,8 
0.79 ,0.92 ,0.99 ,1.00 ,0.94 ,9 
0.76 ,0.21 ,0.16 ,0.10 ,0.08 ,10 
0.30 ,0.59 ,0.49 ,0.40 ,0.23 ,11 
0.76 ,0.64 ,0.60 ,0.07 ,0.09 ,12 
0.62 ,0.19 ,0.17 ,0.89 ,0.71 ,13 
0.34 ,0.20 ,0.22 ,0.68 ,0.84 ,14 
0.14 ,0.21 ,0.10 ,0.15 ,0.59 ,15 
0.17 ,0.76 ,0.69 ,0.81 ,0.80 ,16 
0.73 ,0.71 ,0.15 ,0.14 ,0.11 ,17 
0.14 ,0.13 ,0.10 ,0.62 ,0.61 ,18 
0.27 ,0.40 ,0.24 ,0.17 ,0.17 ,0 
0.44 ,0.22 ,0.38 ,0.40 ,0.12 ,1 
0.70 ,0.24 ,0.94 ,0.99 ,0.82 ,2 
0.10 ,0.17 ,0.89 ,0.90 ,0.74 ,3 
0.80 ,0.73 ,0.63 ,0.56 ,0.14 ,4 
0.59 ,0.60 ,0.13 ,0.06 ,0.07 ,5 
0.27 ,0.20 ,0.75 ,0.79 ,0.23 ,6 
0.24 ,0.17 ,0.13 ,0.06 ,0.06 ,7 
0.66 ,0.19 ,0.14 ,0.10 ,0.75 ,8 
0.78 ,0.89 ,0.99 ,0.98 ,0.91 ,9 
0.77 ,0.18 ,0.16 ,0.10 ,0.07 ,10 
0.33 ,0.58 ,0.59 ,0.47 ,0.26 ,11 
0.74 ,0.67 ,0.59 ,0.08 ,0.10 ,12 
0.60 ,0.19 ,0.18 ,0.84 ,0.78 ,13 
0.31 ,0.19 ,0.21 ,0.63 ,0.85 ,14 
0.09 ,0.12 ,0.10 ,0.32 ,0.66 ,15 
0.18 ,0.77 ,0.67 ,0.78 ,0.83 ,16 
0.72 ,0.71 ,0.16 ,0.12 ,0.10 ,17 
0.16 ,0.14 ,0.10 ,0.61 ,0.57 ,18 
0.38 ,0.47 ,0.35 ,0.30 ,0.27 ,0 
0.46 ,0.20 ,0.37 ,0.38 ,0.10 ,1 
0.71 ,0.24 ,0.96 ,0.99 ,0.90 ,2 
0.09 ,0.17 ,0.88 ,0.87 ,0.70 ,3 
0.89 ,0.71 ,0.65 ,0.59 ,0.17 ,4 
0.58 ,0.59 ,0.11 ,0.04 ,0.05 ,5 
0.31 ,0.23 ,0.74 ,0.79 ,0.25 ,6 
0.22 ,0.14 ,0.10 ,0.05 ,0.04 ,7 
0.67 ,0.18 ,0.14 ,0.09 ,0.77 ,8 
0.78 ,0.88 ,0.98 ,0.96 ,0.91 ,9 
0.76 ,0.18 ,0.16 ,0.09 ,0.07 ,10 
0.28 ,0.55 ,0.49 ,0.43 ,0.23 ,11 
0.74 ,0.61 ,0.63 ,0.10 ,0.12 ,12 
0.62 ,0.18 ,0.18 ,0.87 ,0.80 ,13 
0.34 ,0.18 ,0.19 ,0.71 ,0.81 ,14 
0.09 ,0.14 ,0.11 ,0.33 ,0.65 ,15 
0.18 ,0.82 ,0.72 ,0.83 ,0.85 ,16 
0.74 ,0.71 ,0.13 ,0.09 ,0.10 ,17 
0.08 ,0.10 ,0.13 ,0.68 ,0.63 ,18 
0.25 ,0.58 ,0.43 ,0.40 ,0.27 ,0 
0.41 ,0.19 ,0.37 ,0.27 ,0.11 ,1 
0.78 ,0.25 ,0.98 ,0.96 ,0.93 ,2 
0.09 ,0.18 ,0.91 ,0.89 ,0.71 ,3 
0.78 ,0.67 ,0.58 ,0.57 ,0.12 ,4 
0.55 ,0.61 ,0.13 ,0.05 ,0.07 ,5 
0.29 ,0.18 ,0.73 ,0.76 ,0.21 ,6 
0.16 ,0.17 ,0.11 ,0.04 ,0.06 ,7 
0.68 ,0.19 ,0.14 ,0.10 ,0.78 ,8 
0.77 ,0.81 ,0.96 ,0.95 ,0.90 ,9 
0.77 ,0.20 ,0.16 ,0.10 ,0.08 ,10 
0.43 ,0.53 ,0.50 ,0.50 ,0.23 ,11 
0.80 ,0.67 ,0.63 ,0.10 ,0.11 ,12 
0.58 ,0.18 ,0.18 ,0.85 ,0.76 ,13 
0.36 ,0.19 ,0.20 ,0.67 ,0.77 ,14 
0.09 ,0.14 ,0.10 ,0.30 ,0.64 ,15 
0.19 ,0.79 ,0.78 ,0.84 ,0.83 ,16 
0.72 ,0.74 ,0.15 ,0.11 ,0.10 ,17 
0.07 ,0.11 ,0.13 ,0.65 ,0.67 ,18 
0.43 ,0.52 ,0.53 ,0.52 ,0.49 ,0 
0.44 ,0.20 ,0.41 ,0.36 ,0.10 ,1 
0.77 ,0.22 ,0.92 ,0.97 ,0.89 ,2 
0.09 ,0.15 ,0.87 ,0.89 ,0.74 ,3 
0.82 ,0.73 ,0.66 ,0.61 ,0.15 ,4 
0.57 ,0.64 ,0.13 ,0.03 ,0.06 ,5 
0.25 ,0.20 ,0.76 ,0.77 ,0.21 ,6 
0.16 ,0.14 ,0.10 ,0.04 ,0.03 ,7 
0.67 ,0.17 ,0.13 ,0.10 ,0.77 ,8 
0.77 ,0.85 ,0.95 ,0.93 ,0.86 ,9 
0.77 ,0.20 ,0.17 ,0.11 ,0.07 ,10 
0.33 ,0.60 ,0.58 ,0.50 ,0.29 ,11 
0.76 ,0.71 ,0.62 ,0.14 ,0.11 ,12 
0.60 ,0.18 ,0.21 ,0.85 ,0.80 ,13 
0.37 ,0.18 ,0.19 ,0.62 ,0.83 ,14 
0.10 ,0.18 ,0.11 ,0.22 ,0.60 ,15 
0.21 ,0.77 ,0.77 ,0.84 ,0.83 ,16 
0.69 ,0.69 ,0.16 ,0.06 ,0.09 ,17 
0.08 ,0.10 ,0.10 ,0.62 ,0.60 ,18 
0.30 ,0.50 ,0.48 ,0.47 ,0.24 ,0 
0.41 ,0.20 ,0.32 ,0.35 ,0.11 ,1 
0.78 ,0.20 ,0.83 ,0.76 ,0.94 ,2 
0.11 ,0.23 ,0.96 ,0.91 ,0.68 ,3 
0.88 ,0.71 ,0.60 ,0.56 ,0.13 ,4 
0.58 ,0.58 ,0.13 ,0.06 ,0.08 ,5 
0.22 ,0.21 ,0.73 ,0.74 ,0.25 ,6 
0.17 ,0.14 ,0.11 ,0.05 ,0.04 ,7 
0.66 ,0.18 ,0.15 ,0.10 ,0.73 ,8 
0.75 ,0.86 ,0.95 ,0.97 ,0.93 ,9 
0.77 ,0.19 ,0.17 ,0.13 ,0.08 ,10 
0.27 ,0.59 ,0.54 ,0.50 ,0.25 ,11 
0.74 ,0.70 ,0.66 ,0.22 ,0.11 ,12 
0.57 ,0.18 ,0.18 ,0.87 ,0.75 ,13 
0.37 ,0.18 ,0.19 ,0.64 ,0.80 ,14 
0.10 ,0.25 ,0.11 ,0.22 ,0.77 ,15 
0.18 ,0.78 ,0.76 ,0.83 ,0.83 ,16 
0.70 ,0.75 ,0.16 ,0.07 ,0.08 ,17 
0.07 ,0.10 ,0.10 ,0.58 ,0.61 ,18 
0.28 ,0.51 ,0.38 ,0.36 ,0.30 ,0 
0.40 ,0.18 ,0.35 ,0.35 ,0.10 ,1 
0.77 ,0.21 ,0.93 ,0.97 ,0.96 ,2 
0.08 ,0.20 ,0.93 ,0.93 ,0.85 ,3 
0.87 ,0.73 ,0.63 ,0.61 ,0.18 ,4 
0.60 ,0.60 ,0.12 ,0.05 ,0.07 ,5 
0.32 ,0.21 ,0.75 ,0.78 ,0.24 ,6 
0.20 ,0.14 ,0.10 ,0.04 ,0.04 ,7 
0.66 ,0.18 ,0.13 ,0.09 ,0.72 ,8 
0.76 ,0.88 ,0.98 ,0.97 ,0.90 ,9 
0.78 ,0.20 ,0.18 ,0.10 ,0.07 ,10 
0.45 ,0.58 ,0.62 ,0.63 ,0.41 ,11 
0.80 ,0.67 ,0.62 ,0.08 ,0.10 ,12 
0.62 ,0.18 ,0.17 ,0.85 ,0.73 ,13 
0.34 ,0.17 ,0.18 ,0.68 ,0.80 ,14 
0.08 ,0.19 ,0.10 ,0.23 ,0.72 ,15 
0.18 ,0.82 ,0.78 ,0.84 ,0.83 ,16 
0.73 ,0.71 ,0.14 ,0.10 ,0.09 ,17 
0.06 ,0.11 ,0.11 ,0.65 ,0.63 ,18 
0.25 ,0.40 ,0.31 ,0.34 ,0.25 ,0 
0.39 ,0.18 ,0.37 ,0.38 ,0.10 ,1 
0.78 ,0.21 ,0.91 ,0.95 ,0.89 ,2 
0.10 ,0.18 ,0.88 ,0.95 ,0.85 ,3 
0.83 ,0.69 ,0.61 ,0.59 ,0.13 ,4 
0.58 ,0.60 ,0.13 ,0.07 ,0.07 ,5 
0.23 ,0.21 ,0.76 ,0.79 ,0.24 ,6 
0.19 ,0.17 ,0.13 ,0.06 ,0.04 ,7 
0.67 ,0.18 ,0.15 ,0.10 ,0.74 ,8 
0.67 ,0.88 ,0.93 ,0.92 ,0.90 ,9 
0.78 ,0.19 ,0.15 ,0.08 ,0.04 ,10 
0.37 ,0.54 ,0.49 ,0.52 ,0.33 ,11 
0.79 ,0.66 ,0.68 ,0.14 ,0.08 ,12 
0.61 ,0.17 ,0.17 ,0.90 ,0.77 ,13 
0.36 ,0.17 ,0.19 ,0.72 ,0.82 ,14 
0.12 ,0.23 ,0.10 ,0.19 ,0.70 ,15 
0.16 ,0.77 ,0.75 ,0.82 ,0.83 ,16 
0.73 ,0.72 ,0.15 ,0.11 ,0.09 ,17 
0.06 ,0.11 ,0.12 ,0.68 ,0.63 ,18 
0.38 ,0.59 ,0.43 ,0.40 ,0.26 ,0 
0.47 ,0.19 ,0.37 ,0.30 ,0.09 ,1 
0.73 ,0.19 ,0.74 ,0.82 ,0.91 ,2 
0.10 ,0.18 ,0.78 ,0.86 ,0.83 ,3 
0.81 ,0.66 ,0.59 ,0.56 ,0.13 ,4 
0.56 ,0.58 ,0.12 ,0.04 ,0.05 ,5 
0.16 ,0.16 ,0.71 ,0.73 ,0.23 ,6 
0.13 ,0.11 ,0.09 ,0.04 ,0.02 ,7 
0.70 ,0.17 ,0.13 ,0.08 ,0.78 ,8 
0.83 ,0.92 ,0.97 ,0.94 ,0.91 ,9 
0.74 ,0.18 ,0.15 ,0.10 ,0.06 ,10 
0.35 ,0.63 ,0.61 ,0.54 ,0.28 ,11 
0.76 ,0.67 ,0.66 ,0.12 ,0.12 ,12 
0.61 ,0.18 ,0.18 ,0.88 ,0.80 ,13 
0.38 ,0.17 ,0.18 ,0.68 ,0.83 ,14 
0.15 ,0.18 ,0.10 ,0.14 ,0.63 ,15 
0.15 ,0.79 ,0.76 ,0.82 ,0.88 ,16 
0.72 ,0.69 ,0.14 ,0.10 ,0.10 ,17 
0.09 ,0.12 ,0.10 ,0.62 ,0.60 ,18 
0.39 ,0.48 ,0.28 ,0.24 ,0.25 ,0 
0.42 ,0.19 ,0.37 ,0.35 ,0.10 ,1 
0.74 ,0.23 ,0.90 ,0.97 ,0.90 ,2 
0.13 ,0.17 ,0.82 ,0.88 ,0.83 ,3 
0.81 ,0.71 ,0.57 ,0.54 ,0.11 ,4 
0.55 ,0.58 ,0.13 ,0.05 ,0.06 ,5 
0.25 ,0.21 ,0.74 ,0.78 ,0.24 ,6 
0.17 ,0.14 ,0.10 ,0.05 ,0.02 ,7 
0.66 ,0.18 ,0.13 ,0.09 ,0.74 ,8 
0.71 ,0.88 ,0.95 ,0.94 ,0.89 ,9 
0.75 ,0.18 ,0.18 ,0.11 ,0.07 ,10 
0.36 ,0.62 ,0.55 ,0.46 ,0.25 ,11 
0.78 ,0.71 ,0.66 ,0.21 ,0.12 ,12 
0.62 ,0.18 ,0.20 ,0.90 ,0.78 ,13 
0.30 ,0.17 ,0.23 ,0.70 ,0.84 ,14 
0.13 ,0.22 ,0.10 ,0.12 ,0.71 ,15 
0.14 ,0.76 ,0.70 ,0.78 ,0.83 ,16 
0.71 ,0.72 ,0.16 ,0.14 ,0.11 ,17 
0.07 ,0.11 ,0.15 ,0.70 ,0.63 ,18 
0.31 ,0.44 ,0.29 ,0.20 ,0.17 ,0 
0.46 ,0.19 ,0.34 ,0.34 ,0.10 ,1 
0.63 ,0.17 ,0.68 ,0.84 ,0.83 ,2 
0.09 ,0.22 ,0.96 ,0.96 ,0.78 ,3 
0.82 ,0.72 ,0.63 ,0.59 ,0.12 ,4 
0.56 ,0.62 ,0.13 ,0.06 ,0.07 ,5 
0.28 ,0.21 ,0.73 ,0.76 ,0.26 ,6 
0.20 ,0.14 ,0.12 ,0.06 ,0.05 ,7 
0.68 ,0.17 ,0.14 ,0.13 ,0.75 ,8 
0.69 ,0.79 ,0.90 ,0.90 ,0.87 ,9 
0.75 ,0.18 ,0.17 ,0.11 ,0.04 ,10 
0.35 ,0.52 ,0.53 ,0.48 ,0.17 ,11 
0.73 ,0.66 ,0.58 ,0.07 ,0.10 ,12 
0.62 ,0.18 ,0.18 ,0.89 ,0.79 ,13 
0.34 ,0.16 ,0.19 ,0.70 ,0.79 ,14 
0.10 ,0.18 ,0.09 ,0.05 ,0.55 ,15 
0.14 ,0.75 ,0.69 ,0.78 ,0.80 ,16 
0.71 ,0.73 ,0.15 ,0.12 ,0.09 ,17 
0.11 ,0.12 ,0.10 ,0.61 ,0.53 ,18 
0.32 ,0.44 ,0.35 ,0.29 ,0.22 ,0 
0.44 ,0.18 ,0.43 ,0.35 ,0.07 ,1 
0.78 ,0.17 ,0.90 ,0.90 ,0.93 ,2 
0.19 ,0.12 ,0.74 ,0.74 ,0.78 ,3 
0.77 ,0.68 ,0.60 ,0.61 ,0.11 ,4 
0.54 ,0.57 ,0.10 ,0.03 ,0.03 ,5 
0.21 ,0.14 ,0.71 ,0.72 ,0.18 ,6 
0.10 ,0.08 ,0.07 ,0.02 ,0.01 ,7 
0.64 ,0.14 ,0.10 ,0.08 ,0.76 ,8 
0.78 ,0.87 ,0.93 ,0.92 ,0.90 ,9 
0.74 ,0.14 ,0.10 ,0.03 ,0.03 ,10 
0.34 ,0.55 ,0.52 ,0.47 ,0.34 ,11 
0.70 ,0.71 ,0.59 ,0.08 ,0.10 ,12 
0.58 ,0.14 ,0.15 ,0.82 ,0.78 ,13 
0.39 ,0.13 ,0.18 ,0.64 ,0.80 ,14 
0.07 ,0.12 ,0.08 ,0.05 ,0.73 ,15 
0.18 ,0.79 ,0.69 ,0.74 ,0.74 ,16 
0.70 ,0.78 ,0.11 ,0.10 ,0.08 ,17 
0.06 ,0.05 ,0.10 ,0.61 ,0.60 ,18 
0.34 ,0.45 ,0.26 ,0.23 ,0.18 ,0 
0.42 ,0.14 ,0.37 ,0.37 ,0.09 ,1 
0.77 ,0.15 ,0.87 ,0.77 ,0.87 ,2 
0.10 ,0.13 ,0.79 ,0.71 ,0.82 ,3 
0.77 ,0.68 ,0.55 ,0.54 ,0.13 ,4 
0.54 ,0.58 ,0.10 ,0.02 ,0.03 ,5 
0.15 ,0.13 ,0.68 ,0.74 ,0.19 ,6 
0.10 ,0.08 ,0.07 ,0.02 ,0.01 ,7 
0.65 ,0.15 ,0.10 ,0.06 ,0.77 ,8 
0.81 ,0.92 ,0.93 ,0.90 ,0.90 ,9 
0.74 ,0.14 ,0.11 ,0.05 ,0.03 ,10 
0.22 ,0.50 ,0.43 ,0.37 ,0.27 ,11 
0.72 ,0.68 ,0.57 ,0.08 ,0.08 ,12 
0.58 ,0.15 ,0.17 ,0.82 ,0.70 ,13 
0.38 ,0.13 ,0.18 ,0.62 ,0.80 ,14 
0.12 ,0.17 ,0.08 ,0.06 ,0.72 ,15 
0.14 ,0.76 ,0.68 ,0.74 ,0.74 ,16 
0.72 ,0.75 ,0.12 ,0.10 ,0.09 ,17 
0.06 ,0.05 ,0.09 ,0.57 ,0.49 ,18 
0.21 ,0.36 ,0.21 ,0.11 ,0.11 ,0 
0.45 ,0.18 ,0.43 ,0.49 ,0.08 ,1 
0.77 ,0.15 ,0.82 ,0.72 ,0.86 ,2 
0.14 ,0.11 ,0.74 ,0.81 ,0.81 ,3 
0.83 ,0.76 ,0.54 ,0.58 ,0.10 ,4 
0.58 ,0.60 ,0.10 ,0.02 ,0.03 ,5 
0.20 ,0.14 ,0.68 ,0.73 ,0.17 ,6 
0.17 ,0.10 ,0.07 ,0.02 ,0.03 ,7 
0.65 ,0.15 ,0.10 ,0.06 ,0.76 ,8 
0.79 ,0.92 ,0.93 ,0.91 ,0.88 ,9 
0.74 ,0.14 ,0.12 ,0.06 ,0.03 ,10 
0.26 ,0.55 ,0.38 ,0.26 ,0.15 ,11 
0.76 ,0.74 ,0.62 ,0.07 ,0.05 ,12 
0.60 ,0.16 ,0.18 ,0.82 ,0.78 ,13 
0.34 ,0.14 ,0.21 ,0.66 ,0.80 ,14 
0.06 ,0.11 ,0.07 ,0.03 ,0.59 ,15 
0.14 ,0.71 ,0.61 ,0.68 ,0.76 ,16 
0.74 ,0.79 ,0.12 ,0.09 ,0.06 ,17 
0.06 ,0.06 ,0.08 ,0.53 ,0.48 ,18 
0.20 ,0.43 ,0.25 ,0.16 ,0.13 ,0 
0.44 ,0.16 ,0.40 ,0.42 ,0.06 ,1 
0.78 ,0.14 ,0.73 ,0.78 ,0.89 ,2 
0.09 ,0.12 ,0.74 ,0.79 ,0.81 ,3 
0.82 ,0.73 ,0.63 ,0.59 ,0.09 ,4 
0.54 ,0.59 ,0.09 ,0.02 ,0.03 ,5 
0.18 ,0.12 ,0.70 ,0.73 ,0.17 ,6 
0.29 ,0.45 ,0.33 ,0.23 ,0.17 ,0 
0.38 ,0.24 ,0.44 ,0.34 ,0.12 ,1 
0.75 ,0.26 ,0.93 ,0.93 ,0.97 ,2 
0.05 ,0.14 ,0.88 ,0.93 ,0.87 ,3 
0.82 ,0.76 ,0.63 ,0.55 ,0.15 ,4 
0.54 ,0.61 ,0.11 ,0.06 ,0.06 ,5 
0.19 ,0.25 ,0.75 ,0.78 ,0.23 ,6 
0.10 ,0.15 ,0.10 ,0.04 ,0.04 ,7 
0.68 ,0.19 ,0.13 ,0.10 ,0.85 ,8 
0.82 ,0.95 ,0.99 ,0.98 ,0.97 ,9 
0.76 ,0.18 ,0.13 ,0.05 ,0.06 ,10 
0.47 ,0.67 ,0.67 ,0.61 ,0.34 ,11 
0.72 ,0.73 ,0.64 ,0.18 ,0.10 ,12 
0.58 ,0.22 ,0.18 ,0.88 ,0.76 ,13 
0.27 ,0.26 ,0.24 ,0.71 ,0.86 ,14 
0.00 ,0.18 ,0.10 ,0.06 ,0.59 ,15 
0.15 ,0.85 ,0.76 ,0.81 ,0.85 ,16 
0.78 ,0.82 ,0.15 ,0.14 ,0.10 ,17 
0.02 ,0.12 ,0.10 ,0.56 ,0.56 ,18 
0.30 ,0.69 ,0.50 ,0.44 ,0.26 ,0 
0.38 ,0.25 ,0.35 ,0.24 ,0.11 ,1 
0.72 ,0.25 ,0.84 ,0.84 ,0.89 ,2 
0.05 ,0.21 ,0.89 ,0.86 ,0.82 ,3 
0.74 ,0.72 ,0.62 ,0.58 ,0.13 ,4 
0.64 ,0.66 ,0.13 ,0.06 ,0.06 ,5 
0.14 ,0.24 ,0.73 ,0.74 ,0.17 ,6 
0.03 ,0.13 ,0.08 ,0.03 ,0.03 ,7 
0.62 ,0.21 ,0.13 ,0.09 ,0.80 ,8 
0.78 ,0.92 ,0.96 ,0.94 ,0.96 ,9 
0.75 ,0.18 ,0.12 ,0.06 ,0.04 ,10 
0.37 ,0.46 ,0.55 ,0.47 ,0.32 ,11 
0.79 ,0.71 ,0.63 ,0.10 ,0.11 ,12 
0.59 ,0.23 ,0.18 ,0.86 ,0.79 ,13 
0.37 ,0.23 ,0.25 ,0.73 ,0.83 ,14 
0.03 ,0.21 ,0.10 ,0.08 ,0.68 ,15 
0.14 ,0.84 ,0.75 ,0.74 ,0.87 ,16 
0.71 ,0.76 ,0.14 ,0.06 ,0.09 ,17 
0.03 ,0.12 ,0.11 ,0.62 ,0.57 ,18 
0.24 ,0.58 ,0.43 ,0.30 ,0.22 ,0 
0.34 ,0.23 ,0.32 ,0.31 ,0.14 ,1 
0.77 ,0.23 ,0.88 ,0.88 ,0.94 ,2 
0.05 ,0.16 ,0.85 ,0.90 ,0.81 ,3 
0.88 ,0.79 ,0.65 ,0.64 ,0.14 ,4 
0.55 ,0.64 ,0.12 ,0.04 ,0.04 ,5 
0.06 ,0.21 ,0.75 ,0.78 ,0.20 ,6 
0.08 ,0.15 ,0.08 ,0.02 ,0.03 ,7 
0.66 ,0.23 ,0.13 ,0.10 ,0.78 ,8 
0.80 ,0.96 ,0.97 ,0.94 ,0.91 ,9 
0.74 ,0.19 ,0.13 ,0.06 ,0.03 ,10 
0.39 ,0.43 ,0.57 ,0.62 ,0.25 ,11 
0.78 ,0.70 ,0.65 ,0.10 ,0.10 ,12 
0.59 ,0.24 ,0.18 ,0.83 ,0.83 ,13 
0.37 ,0.23 ,0.23 ,0.72 ,0.82 ,14 
0.01 ,0.19 ,0.10 ,0.06 ,0.63 ,15 
0.13 ,0.85 ,0.71 ,0.77 ,0.82 ,16 
0.68 ,0.79 ,0.15 ,0.05 ,0.07 ,17 
0.02 ,0.13 ,0.10 ,0.54 ,0.54 ,18 
0.32 ,0.51 ,0.40 ,0.31 ,0.20 ,0 
0.43 ,0.23 ,0.40 ,0.30 ,0.10 ,1 
0.69 ,0.24 ,0.86 ,0.82 ,0.83 ,2 
0.03 ,0.14 ,0.85 ,0.87 ,0.70 ,3 
0.88 ,0.79 ,0.69 ,0.65 ,0.17 ,4 
0.61 ,0.62 ,0.11 ,0.06 ,0.03 ,5 
0.08 ,0.22 ,0.74 ,0.78 ,0.13 ,6 
0.01 ,0.14 ,0.07 ,0.02 ,0.02 ,7 
0.66 ,0.23 ,0.11 ,0.08 ,0.80 ,8 
0.78 ,0.97 ,0.98 ,0.97 ,0.91 ,9 
0.74 ,0.23 ,0.13 ,0.06 ,0.03 ,10 
0.42 ,0.57 ,0.64 ,0.66 ,0.29 ,11 
0.81 ,0.84 ,0.69 ,0.10 ,0.09 ,12 
0.54 ,0.23 ,0.18 ,0.83 ,0.77 ,13 
0.37 ,0.24 ,0.25 ,0.70 ,0.86 ,14 
0.05 ,0.23 ,0.11 ,0.13 ,0.72 ,15 
0.11 ,0.86 ,0.70 ,0.77 ,0.82 ,16 
0.03 ,0.16 ,0.10 ,0.56 ,0.63 ,18 
0.73 ,0.81 ,0.13 ,0.11 ,0.07 ,17 
0.02 ,0.15 ,0.13 ,0.62 ,0.63 ,18 
0.34 ,0.66 ,0.57 ,0.47 ,0.27 ,0 
0.35 ,0.23 ,0.35 ,0.30 ,0.13 ,1 
0.70 ,0.24 ,0.85 ,0.81 ,0.83 ,2 
0.05 ,0.19 ,0.90 ,0.90 ,0.77 ,3 
0.78 ,0.75 ,0.63 ,0.67 ,0.10 ,4 
0.56 ,0.58 ,0.15 ,0.11 ,0.05 ,5 
0.06 ,0.23 ,0.72 ,0.79 ,0.12 ,6 
0.06 ,0.21 ,0.11 ,0.06 ,0.06 ,7 
0.61 ,0.23 ,0.13 ,0.09 ,0.78 ,8 
0.74 ,0.90 ,0.94 ,0.94 ,0.92 ,9 
0.74 ,0.22 ,0.13 ,0.06 ,0.05 ,10 
0.26 ,0.53 ,0.51 ,0.50 ,0.27 ,11 
0.78 ,0.69 ,0.61 ,0.10 ,0.10 ,12 
0.55 ,0.24 ,0.18 ,0.85 ,0.79 ,13 
0.32 ,0.22 ,0.26 ,0.75 ,0.82 ,14 
0.03 ,0.22 ,0.11 ,0.10 ,0.67 ,15 
0.12 ,0.86 ,0.83 ,0.90 ,0.82 ,16 
0.70 ,0.75 ,0.15 ,0.06 ,0.09 ,17 
0.02 ,0.14 ,0.10 ,0.56 ,0.52 ,18 
0.29 ,0.23 ,0.32 ,0.31 ,0.13 ,1 
0.73 ,0.23 ,0.74 ,0.74 ,0.89 ,2 
0.04 ,0.19 ,0.92 ,0.90 ,0.74 ,3 
0.82 ,0.73 ,0.60 ,0.54 ,0.11 ,4 
0.60 ,0.58 ,0.15 ,0.10 ,0.07 ,5 
0.08 ,0.22 ,0.75 ,0.74 ,0.10 ,6 
0.09 ,0.18 ,0.10 ,0.04 ,0.05 ,7 
0.62 ,0.23 ,0.13 ,0.09 ,0.75 ,8 
0.74 ,0.88 ,0.96 ,0.94 ,0.90 ,9 
0.74 ,0.21 ,0.13 ,0.04 ,0.08 ,10 
0.38 ,0.42 ,0.43 ,0.37 ,0.25 ,11 
0.83 ,0.75 ,0.66 ,0.12 ,0.10 ,12 
0.58 ,0.24 ,0.16 ,0.86 ,0.77 ,13 
0.29 ,0.21 ,0.22 ,0.72 ,0.77 ,14 
0.01 ,0.20 ,0.10 ,0.05 ,0.52 ,15 
0.13 ,0.86 ,0.86 ,0.94 ,0.87 ,16 
0.70 ,0.80 ,0.16 ,0.05 ,0.10 ,17 
0.02 ,0.14 ,0.10 ,0.57 ,0.52 ,18 
0.25 ,0.47 ,0.34 ,0.22 ,0.17 ,0 
0.39 ,0.23 ,0.43 ,0.34 ,0.10 ,1 
0.66 ,0.24 ,0.82 ,0.85 ,0.85 ,2 
0.04 ,0.21 ,0.93 ,0.90 ,0.74 ,3 
0.83 ,0.73 ,0.61 ,0.58 ,0.10 ,4 
0.53 ,0.62 ,0.14 ,0.06 ,0.07 ,5 
0.07 ,0.21 ,0.71 ,0.74 ,0.09 ,6 
0.13 ,0.24 ,0.13 ,0.06 ,0.10 ,7 
0.63 ,0.25 ,0.13 ,0.08 ,0.75 ,8 
0.70 ,0.88 ,0.93 ,0.92 ,0.88 ,9 
0.73 ,0.21 ,0.13 ,0.05 ,0.06 ,10 
0.31 ,0.57 ,0.56 ,0.50 ,0.25 ,11 
0.81 ,0.75 ,0.67 ,0.22 ,0.09 ,12 
0.53 ,0.23 ,0.17 ,0.76 ,0.71 ,13 
0.39 ,0.22 ,0.24 ,0.68 ,0.77 ,14 
0.04 ,0.19 ,0.10 ,0.04 ,0.54 ,15 
0.16 ,0.79 ,0.76 ,0.82 ,0.86 ,16 
0.68 ,0.75 ,0.16 ,0.06 ,0.09 ,17 
0.03 ,0.14 ,0.11 ,0.53 ,0.54 ,18 
0.28 ,0.44 ,0.29 ,0.20 ,0.16 ,0 
0.38 ,0.24 ,0.40 ,0.40 ,0.13 ,1 
0.77 ,0.23 ,0.79 ,0.79 ,0.95 ,2 
0.03 ,0.18 ,0.89 ,0.87 ,0.77 ,3 
0.85 ,0.77 ,0.61 ,0.58 ,0.10 ,4 
0.52 ,0.58 ,0.13 ,0.05 ,0.07 ,5 
0.19 ,0.22 ,0.73 ,0.73 ,0.18 ,6 
0.11 ,0.21 ,0.10 ,0.05 ,0.05 ,7 
0.61 ,0.23 ,0.13 ,0.07 ,0.77 ,8 
0.72 ,0.85 ,0.93 ,0.93 ,0.89 ,9 
0.71 ,0.21 ,0.12 ,0.03 ,0.03 ,10 
0.42 ,0.64 ,0.50 ,0.43 ,0.19 ,11 
0.79 ,0.83 ,0.65 ,0.07 ,0.09 ,12 
0.61 ,0.24 ,0.17 ,0.84 ,0.76 ,13 
0.35 ,0.23 ,0.24 ,0.70 ,0.78 ,14 
0.08 ,0.20 ,0.12 ,0.07 ,0.57 ,15 
0.11 ,0.84 ,0.74 ,0.82 ,0.84 ,16 
0.71 ,0.77 ,0.17 ,0.06 ,0.09 ,17 
0.05 ,0.16 ,0.12 ,0.52 ,0.52 ,18 
0.26 ,0.44 ,0.29 ,0.24 ,0.20 ,0 
0.34 ,0.22 ,0.35 ,0.30 ,0.13 ,1 
0.69 ,0.24 ,0.86 ,0.89 ,0.90 ,2 
0.02 ,0.16 ,0.86 ,0.86 ,0.69 ,3 
1.00 ,0.79 ,0.61 ,0.64 ,0.11 ,4 
0.57 ,0.61 ,0.13 ,0.05 ,0.06 ,5 
0.18 ,0.21 ,0.73 ,0.76 ,0.21 ,6 
0.09 ,0.19 ,0.10 ,0.05 ,0.05 ,7 
0.64 ,0.22 ,0.13 ,0.08 ,0.81 ,8 
0.76 ,0.90 ,0.96 ,0.93 ,0.93 ,9 
0.74 ,0.21 ,0.12 ,0.04 ,0.06 ,10 
0.30 ,0.62 ,0.38 ,0.27 ,0.18 ,11 
0.82 ,0.79 ,0.68 ,0.10 ,0.07 ,12 
0.58 ,0.23 ,0.16 ,0.85 ,0.74 ,13 
0.39 ,0.22 ,0.25 ,0.73 ,0.81 ,14 
0.03 ,0.17 ,0.10 ,0.04 ,0.54 ,15 
0.13 ,0.86 ,0.80 ,0.86 ,0.89 ,16 
0.74 ,0.74 ,0.15 ,0.06 ,0.10 ,17 
0.02 ,0.16 ,0.11 ,0.57 ,0.57 ,18 
0.22 ,0.47 ,0.31 ,0.26 ,0.25 ,0 
0.38 ,0.22 ,0.38 ,0.30 ,0.11 ,1 
0.56 ,0.24 ,0.77 ,0.78 ,0.71 ,2 
0.04 ,0.18 ,0.92 ,0.87 ,0.63 ,3 
0.83 ,0.80 ,0.61 ,0.62 ,0.11 ,4 
0.57 ,0.64 ,0.14 ,0.08 ,0.06 ,5 
0.14 ,0.23 ,0.74 ,0.76 ,0.18 ,6 
0.12 ,0.18 ,0.10 ,0.05 ,0.03 ,7 
0.64 ,0.23 ,0.13 ,0.08 ,0.77 ,8 
0.74 ,0.88 ,0.95 ,0.94 ,0.93 ,9 
0.72 ,0.19 ,0.12 ,0.05 ,0.06 ,10 
0.38 ,0.55 ,0.55 ,0.59 ,0.34 ,11 
0.80 ,0.71 ,0.65 ,0.07 ,0.10 ,12 
0.58 ,0.24 ,0.18 ,0.86 ,0.76 ,13 
0.39 ,0.22 ,0.25 ,0.73 ,0.76 ,14 
0.03 ,0.18 ,0.10 ,0.05 ,0.54 ,15 
0.17 ,0.79 ,0.74 ,0.80 ,0.89 ,16 
0.76 ,0.77 ,0.13 ,0.05 ,0.09 ,17 
0.03 ,0.16 ,0.11 ,0.58 ,0.47 ,18 
0.32 ,0.54 ,0.45 ,0.38 ,0.30 ,0 
0.38 ,0.24 ,0.38 ,0.37 ,0.14 ,1 
0.78 ,0.24 ,0.82 ,0.91 ,0.93 ,2 
0.03 ,0.18 ,0.90 ,0.85 ,0.69 ,3 
0.89 ,0.75 ,0.60 ,0.69 ,0.11 ,4 
0.59 ,0.63 ,0.15 ,0.08 ,0.07 ,5 
0.09 ,0.22 ,0.71 ,0.76 ,0.13 ,6 
0.08 ,0.18 ,0.10 ,0.04 ,0.03 ,7 
0.66 ,0.23 ,0.12 ,0.08 ,0.79 ,8 
0.74 ,0.90 ,0.95 ,0.94 ,0.91 ,9 
0.70 ,0.20 ,0.13 ,0.04 ,0.04 ,10 
0.37 ,0.64 ,0.62 ,0.57 ,0.30 ,11 
0.81 ,0.76 ,0.66 ,0.10 ,0.09 ,12 
0.62 ,0.25 ,0.18 ,0.88 ,0.78 ,13 
0.34 ,0.23 ,0.22 ,0.66 ,0.82 ,14 
0.05 ,0.18 ,0.10 ,0.04 ,0.54 ,15 
0.13 ,0.87 ,0.78 ,0.82 ,0.89 ,16 
0.73 ,0.77 ,0.15 ,0.05 ,0.10 ,17 
0.03 ,0.16 ,0.15 ,0.66 ,0.51 ,18 
0.29 ,0.42 ,0.32 ,0.28 ,0.20 ,0 
0.33 ,0.23 ,0.34 ,0.37 ,0.15 ,1 
0.70 ,0.24 ,0.75 ,0.86 ,0.93 ,2 
0.06 ,0.21 ,0.81 ,0.85 ,0.85 ,3 
0.80 ,0.68 ,0.47 ,0.48 ,0.13 ,4 
0.48 ,0.50 ,0.13 ,0.04 ,0.07 ,5 
0.09 ,0.22 ,0.71 ,0.78 ,0.10 ,6 
0.10 ,0.18 ,0.10 ,0.05 ,0.03 ,7 
0.63 ,0.24 ,0.13 ,0.10 ,0.81 ,8 
0.73 ,0.92 ,0.94 ,0.93 ,0.90 ,9 
0.70 ,0.24 ,0.13 ,0.06 ,0.06 ,10 
0.41 ,0.49 ,0.45 ,0.32 ,0.13 ,11 
0.78 ,0.75 ,0.64 ,0.10 ,0.10 ,12 
0.58 ,0.25 ,0.18 ,0.90 ,0.67 ,13 
0.34 ,0.21 ,0.23 ,0.72 ,0.78 ,14 
0.00 ,0.18 ,0.10 ,0.06 ,0.58 ,15 
0.12 ,0.82 ,0.71 ,0.82 ,0.84 ,16 
0.67 ,0.71 ,0.15 ,0.05 ,0.09 ,17 
0.01 ,0.14 ,0.11 ,0.58 ,0.53 ,18 
0.30 ,0.40 ,0.32 ,0.18 ,0.13 ,0 
0.37 ,0.24 ,0.40 ,0.36 ,0.13 ,1 
0.72 ,0.24 ,0.84 ,0.90 ,0.94 ,2 
0.06 ,0.21 ,0.88 ,0.87 ,0.84 ,3 
0.80 ,0.70 ,0.55 ,0.56 ,0.16 ,4 
0.46 ,0.54 ,0.14 ,0.03 ,0.08 ,5 
0.02 ,0.19 ,0.74 ,0.71 ,0.07 ,6 
0.07 ,0.21 ,0.12 ,0.06 ,0.06 ,7 
0.62 ,0.23 ,0.12 ,0.07 ,0.77 ,8 
0.73 ,0.92 ,0.96 ,0.94 ,0.96 ,9 
0.71 ,0.23 ,0.11 ,0.04 ,0.06 ,10 
0.46 ,0.63 ,0.61 ,0.56 ,0.32 ,11 
0.72 ,0.68 ,0.56 ,0.06 ,0.11 ,12 
0.58 ,0.24 ,0.17 ,0.90 ,0.80 ,13 
0.35 ,0.21 ,0.25 ,0.73 ,0.83 ,14 
0.05 ,0.21 ,0.10 ,0.04 ,0.57 ,15 
0.12 ,0.87 ,0.77 ,0.82 ,0.86 ,16 
0.70 ,0.75 ,0.15 ,0.05 ,0.10 ,17 
0.01 ,0.15 ,0.11 ,0.58 ,0.53 ,18 
0.25 ,0.40 ,0.36 ,0.32 ,0.26 ,0 
0.36 ,0.24 ,0.43 ,0.35 ,0.12 ,1 
0.75 ,0.25 ,0.89 ,0.92 ,0.95 ,2 
0.05 ,0.21 ,0.88 ,0.90 ,0.87 ,3 
0.77 ,0.71 ,0.57 ,0.54 ,0.16 ,4 
0.48 ,0.58 ,0.13 ,0.05 ,0.06 ,5 
0.07 ,0.23 ,0.74 ,0.74 ,0.10 ,6 
0.07 ,0.18 ,0.10 ,0.04 ,0.04 ,7 
0.69 ,0.23 ,0.12 ,0.10 ,0.84 ,8 
0.70 ,0.90 ,0.93 ,0.94 ,0.94 ,9 
0.74 ,0.23 ,0.12 ,0.05 ,0.07 ,10 
0.33 ,0.64 ,0.61 ,0.51 ,0.27 ,11 
0.76 ,0.71 ,0.61 ,0.07 ,0.11 ,12 
0.57 ,0.24 ,0.16 ,0.84 ,0.68 ,13 
0.30 ,0.21 ,0.21 ,0.74 ,0.83 ,14 
0.03 ,0.19 ,0.10 ,0.10 ,0.57 ,15 
0.11 ,0.86 ,0.81 ,0.84 ,0.89 ,16 
0.69 ,0.73 ,0.15 ,0.05 ,0.10 ,17 
0.02 ,0.17 ,0.13 ,0.64 ,0.53 ,18 
0.27 ,0.50 ,0.42 ,0.30 ,0.23 ,0 
0.38 ,0.23 ,0.42 ,0.39 ,0.12 ,1 
0.72 ,0.27 ,0.85 ,0.90 ,0.94 ,2 
0.02 ,0.18 ,0.86 ,0.90 ,0.87 ,3 
0.89 ,0.75 ,0.63 ,0.58 ,0.14 ,4 
0.50 ,0.64 ,0.13 ,0.13 ,0.06 ,5 
0.04 ,0.23 ,0.76 ,0.75 ,0.09 ,6 
0.07 ,0.18 ,0.10 ,0.04 ,0.04 ,7 
0.66 ,0.24 ,0.12 ,0.07 ,0.80 ,8 
0.74 ,0.89 ,0.93 ,0.94 ,0.92 ,9 
0.71 ,0.23 ,0.12 ,0.05 ,0.06 ,10 
0.34 ,0.63 ,0.57 ,0.49 ,0.25 ,11 
0.78 ,0.71 ,0.60 ,0.06 ,0.11 ,12 
0.58 ,0.24 ,0.16 ,0.86 ,0.76 ,13 
0.34 ,0.23 ,0.23 ,0.74 ,0.83 ,14 
0.04 ,0.21 ,0.10 ,0.12 ,0.54 ,15 
0.11 ,0.86 ,0.74 ,0.78 ,0.89 ,16 
0.66 ,0.79 ,0.14 ,0.06 ,0.10 ,17 
0.02 ,0.19 ,0.17 ,0.64 ,0.71 ,18 
0.41 ,0.55 ,0.51 ,0.34 ,0.23 ,0 
0.42 ,0.25 ,0.45 ,0.38 ,0.10 ,1 
0.69 ,0.23 ,0.85 ,0.80 ,0.95 ,2 
0.07 ,0.21 ,0.88 ,0.79 ,0.88 ,3 
0.87 ,0.74 ,0.62 ,0.56 ,0.16 ,4 
0.46 ,0.58 ,0.13 ,0.10 ,0.06 ,5 
0.05 ,0.23 ,0.72 ,0.78 ,0.10 ,6 
0.10 ,0.20 ,0.10 ,0.06 ,0.06 ,7 
0.60 ,0.24 ,0.13 ,0.09 ,0.72 ,8 
0.70 ,0.85 ,0.91 ,0.90 ,0.88 ,9 
0.70 ,0.23 ,0.12 ,0.06 ,0.06 ,10 
0.29 ,0.62 ,0.61 ,0.58 ,0.37 ,11 
0.71 ,0.69 ,0.56 ,0.05 ,0.10 ,12 
0.54 ,0.24 ,0.15 ,0.85 ,0.66 ,13 
0.37 ,0.22 ,0.24 ,0.75 ,0.84 ,14 
0.12 ,0.22 ,0.10 ,0.12 ,0.52 ,15 
0.11 ,0.86 ,0.72 ,0.79 ,0.83 ,16 
0.70 ,0.82 ,0.14 ,0.09 ,0.08 ,17 
0.04 ,0.18 ,0.16 ,0.66 ,0.60 ,18 
0.37 ,0.56 ,0.49 ,0.37 ,0.22 ,0 
0.36 ,0.25 ,0.40 ,0.31 ,0.12 ,1 
0.75 ,0.24 ,0.87 ,0.86 ,0.95 ,2 
0.03 ,0.23 ,0.84 ,0.79 ,0.86 ,3 
0.82 ,0.75 ,0.57 ,0.56 ,0.13 ,4 
0.43 ,0.53 ,0.13 ,0.04 ,0.06 ,5 
0.04 ,0.23 ,0.74 ,0.79 ,0.11 ,6 
0.13 ,0.20 ,0.11 ,0.05 ,0.04 ,7 
0.63 ,0.24 ,0.13 ,0.07 ,0.79 ,8 
0.71 ,0.90 ,0.95 ,0.93 ,0.91 ,9 
0.70 ,0.23 ,0.11 ,0.04 ,0.06 ,10 
0.30 ,0.60 ,0.53 ,0.44 ,0.24 ,11 
0.73 ,0.73 ,0.63 ,0.10 ,0.11 ,12 
0.62 ,0.25 ,0.17 ,0.87 ,0.77 ,13 
0.32 ,0.23 ,0.22 ,0.75 ,0.87 ,14 
0.05 ,0.21 ,0.10 ,0.20 ,0.60 ,15 
0.08 ,0.98 ,0.93 ,0.92 ,0.85 ,16 
0.63 ,0.78 ,0.15 ,0.06 ,0.10 ,17 
0.01 ,0.18 ,0.12 ,0.60 ,0.65 ,18 
0.22 ,0.40 ,0.26 ,0.21 ,0.17 ,0 
0.38 ,0.25 ,0.43 ,0.53 ,0.10 ,1 
0.70 ,0.25 ,0.82 ,0.93 ,0.92 ,2 
0.06 ,0.23 ,0.84 ,0.90 ,0.86 ,3 
0.84 ,0.82 ,0.60 ,0.68 ,0.17 ,4 
0.46 ,0.58 ,0.13 ,0.08 ,0.07 ,5 
0.02 ,0.24 ,0.73 ,0.78 ,0.09 ,6 
0.12 ,0.21 ,0.10 ,0.06 ,0.07 ,7 
0.64 ,0.24 ,0.13 ,0.14 ,0.78 ,8 
0.67 ,0.91 ,0.93 ,0.92 ,0.90 ,9 
0.70 ,0.24 ,0.11 ,0.04 ,0.06 ,10 
0.24 ,0.57 ,0.54 ,0.46 ,0.27 ,11 
0.75 ,0.79 ,0.65 ,0.14 ,0.08 ,12 
0.58 ,0.25 ,0.18 ,0.84 ,0.79 ,13 
0.30 ,0.24 ,0.23 ,0.74 ,0.85 ,14 
0.13 ,0.25 ,0.10 ,0.19 ,0.64 ,15 
0.11 ,0.88 ,0.73 ,0.79 ,0.80 ,16 
0.70 ,0.76 ,0.13 ,0.06 ,0.08 ,17 
0.04 ,0.18 ,0.22 ,0.70 ,0.64 ,18 
0.42 ,0.52 ,0.45 ,0.28 ,0.17 ,0 
0.39 ,0.26 ,0.38 ,0.37 ,0.10 ,1 
0.59 ,0.27 ,0.85 ,0.89 ,0.82 ,2 
0.02 ,0.18 ,0.84 ,0.87 ,0.82 ,3 
0.84 ,0.82 ,0.60 ,0.63 ,0.12 ,4 
0.50 ,0.55 ,0.21 ,0.12 ,0.03 ,5 
0.02 ,0.21 ,0.74 ,0.77 ,0.08 ,6 
0.04 ,0.20 ,0.10 ,0.05 ,0.05 ,7 
0.66 ,0.26 ,0.13 ,0.11 ,0.86 ,8 
0.65 ,0.93 ,0.95 ,0.91 ,0.90 ,9 
0.70 ,0.26 ,0.12 ,0.05 ,0.05 ,10 
0.37 ,0.68 ,0.60 ,0.51 ,0.29 ,11 
0.83 ,0.81 ,0.63 ,0.07 ,0.10 ,12 
0.61 ,0.25 ,0.16 ,0.87 ,0.79 ,13 
0.34 ,0.24 ,0.23 ,0.74 ,0.82 ,14 
0.03 ,0.19 ,0.10 ,0.22 ,0.58 ,15 
0.12 ,0.92 ,0.80 ,0.82 ,0.83 ,16 
0.72 ,0.89 ,0.17 ,0.14 ,0.10 ,17 
0.00 ,0.14 ,0.12 ,0.52 ,0.51 ,18 
0.34 ,0.46 ,0.31 ,0.19 ,0.17 ,0 
0.37 ,0.51 ,0.41 ,0.33 ,0.26 ,0 
0.43 ,0.21 ,0.47 ,0.36 ,0.12 ,1 
0.74 ,0.22 ,0.89 ,0.93 ,0.99 ,2 
0.09 ,0.18 ,0.88 ,0.94 ,0.90 ,3 
0.84 ,0.77 ,0.60 ,0.62 ,0.17 ,4 
0.58 ,0.58 ,0.13 ,0.06 ,0.08 ,5 
0.20 ,0.21 ,0.74 ,0.77 ,0.19 ,6 
0.14 ,0.17 ,0.11 ,0.06 ,0.05 ,7 
0.68 ,0.21 ,0.13 ,0.08 ,0.80 ,8 
0.76 ,0.90 ,0.97 ,0.94 ,0.95 ,9 
0.77 ,0.19 ,0.13 ,0.05 ,0.06 ,10 
0.46 ,0.62 ,0.65 ,0.61 ,0.43 ,11 
0.78 ,0.71 ,0.64 ,0.10 ,0.13 ,12 
0.59 ,0.21 ,0.17 ,0.86 ,0.75 ,13 
0.38 ,0.20 ,0.24 ,0.74 ,0.90 ,14 
0.10 ,0.18 ,0.11 ,0.07 ,0.61 ,15 
0.18 ,0.84 ,0.82 ,0.84 ,0.90 ,16 
0.68 ,0.73 ,0.13 ,0.05 ,0.09 ,17 
0.06 ,0.12 ,0.11 ,0.59 ,0.67 ,18 
0.41 ,0.47 ,0.42 ,0.34 ,0.32 ,0 
0.38 ,0.21 ,0.35 ,0.36 ,0.12 ,1 
0.78 ,0.21 ,0.85 ,0.90 ,0.97 ,2 
0.12 ,0.18 ,0.77 ,0.86 ,0.89 ,3 
0.82 ,0.79 ,0.51 ,0.54 ,0.15 ,4 
0.62 ,0.60 ,0.13 ,0.05 ,0.08 ,5 
0.18 ,0.21 ,0.74 ,0.76 ,0.20 ,6 
0.14 ,0.18 ,0.10 ,0.04 ,0.04 ,7 
0.70 ,0.21 ,0.13 ,0.07 ,0.83 ,8 
0.72 ,0.89 ,0.95 ,0.90 ,0.92 ,9 
0.77 ,0.19 ,0.12 ,0.05 ,0.06 ,10 
0.40 ,0.66 ,0.62 ,0.50 ,0.26 ,11 
0.71 ,0.80 ,0.62 ,0.08 ,0.11 ,12 
0.62 ,0.21 ,0.16 ,0.85 ,0.75 ,13 
0.36 ,0.21 ,0.23 ,0.72 ,0.90 ,14 
0.09 ,0.18 ,0.10 ,0.10 ,0.62 ,15 
0.18 ,0.85 ,0.81 ,0.83 ,0.89 ,16 
0.71 ,0.78 ,0.13 ,0.06 ,0.09 ,17 
0.08 ,0.12 ,0.18 ,0.66 ,0.69 ,18 
0.38 ,0.57 ,0.46 ,0.32 ,0.21 ,0 
0.41 ,0.22 ,0.35 ,0.38 ,0.12 ,1 
0.78 ,0.22 ,0.88 ,0.90 ,0.96 ,2 
0.09 ,0.19 ,0.93 ,0.88 ,0.83 ,3 
0.79 ,0.82 ,0.55 ,0.65 ,0.16 ,4 
0.65 ,0.68 ,0.13 ,0.06 ,0.08 ,5 
0.18 ,0.23 ,0.74 ,0.74 ,0.22 ,6 
0.10 ,0.16 ,0.09 ,0.04 ,0.03 ,7 
0.66 ,0.21 ,0.13 ,0.06 ,0.76 ,8 
0.76 ,0.90 ,0.93 ,0.91 ,0.96 ,9 
0.75 ,0.20 ,0.13 ,0.04 ,0.05 ,10 
0.41 ,0.66 ,0.60 ,0.48 ,0.31 ,11 
0.75 ,0.82 ,0.68 ,0.10 ,0.10 ,12 
0.58 ,0.22 ,0.17 ,0.81 ,0.77 ,13 
0.38 ,0.22 ,0.24 ,0.73 ,0.89 ,14 
0.09 ,0.18 ,0.11 ,0.13 ,0.63 ,15 
0.18 ,0.85 ,0.76 ,0.74 ,0.87 ,16 
0.74 ,0.82 ,0.14 ,0.06 ,0.10 ,17 
0.08 ,0.13 ,0.27 ,0.76 ,0.68 ,18 
0.28 ,0.34 ,0.21 ,0.11 ,0.09 ,0 
0.42 ,0.22 ,0.38 ,0.43 ,0.10 ,1 
0.71 ,0.22 ,0.82 ,0.90 ,0.91 ,2 
0.11 ,0.21 ,0.82 ,0.86 ,0.85 ,3 
0.78 ,0.80 ,0.46 ,0.52 ,0.16 ,4 
0.55 ,0.65 ,0.12 ,0.04 ,0.07 ,5 
0.16 ,0.21 ,0.72 ,0.74 ,0.19 ,6 
0.12 ,0.16 ,0.10 ,0.03 ,0.03 ,7 
0.70 ,0.21 ,0.13 ,0.07 ,0.82 ,8 
0.75 ,0.93 ,0.95 ,0.90 ,0.93 ,9 
0.72 ,0.20 ,0.13 ,0.04 ,0.05 ,10 
0.41 ,0.66 ,0.62 ,0.53 ,0.31 ,11 
0.74 ,0.73 ,0.63 ,0.06 ,0.11 ,12 
0.62 ,0.23 ,0.17 ,0.85 ,0.80 ,13 
0.34 ,0.22 ,0.24 ,0.73 ,0.86 ,14 
0.08 ,0.22 ,0.10 ,0.10 ,0.72 ,15 
0.17 ,0.87 ,0.77 ,0.82 ,0.83 ,16 
0.69 ,0.80 ,0.14 ,0.05 ,0.09 ,17 
0.06 ,0.13 ,0.12 ,0.58 ,0.57 ,18 
0.38 ,0.58 ,0.48 ,0.37 ,0.23 ,0 
0.41 ,0.23 ,0.42 ,0.36 ,0.10 ,1 
0.73 ,0.23 ,0.88 ,0.86 ,0.97 ,2 
0.13 ,0.21 ,0.87 ,0.81 ,0.87 ,3 
0.80 ,0.71 ,0.59 ,0.52 ,0.11 ,4 
0.61 ,0.61 ,0.13 ,0.04 ,0.07 ,5 
0.17 ,0.23 ,0.73 ,0.76 ,0.21 ,6 
0.10 ,0.16 ,0.10 ,0.04 ,0.03 ,7 
0.67 ,0.21 ,0.13 ,0.06 ,0.81 ,8 
0.69 ,0.91 ,0.95 ,0.90 ,0.91 ,9 
0.72 ,0.20 ,0.13 ,0.05 ,0.05 ,10 
0.35 ,0.64 ,0.50 ,0.34 ,0.22 ,11 
0.78 ,0.75 ,0.63 ,0.06 ,0.10 ,12 
0.60 ,0.23 ,0.18 ,0.88 ,0.82 ,13 
0.38 ,0.23 ,0.24 ,0.72 ,0.87 ,14 
0.09 ,0.21 ,0.11 ,0.14 ,0.72 ,15 
0.19 ,0.94 ,0.93 ,0.90 ,0.90 ,16 
0.70 ,0.77 ,0.15 ,0.05 ,0.09 ,17 
0.06 ,0.13 ,0.15 ,0.65 ,0.66 ,18 
0.32 ,0.53 ,0.38 ,0.27 ,0.22 ,0 
0.42 ,0.22 ,0.35 ,0.35 ,0.09 ,1 
0.71 ,0.24 ,0.82 ,0.76 ,0.97 ,2 
0.11 ,0.21 ,0.79 ,0.77 ,0.90 ,3 
0.82 ,0.71 ,0.61 ,0.61 ,0.14 ,4 
0.58 ,0.58 ,0.13 ,0.04 ,0.07 ,5 
0.18 ,0.22 ,0.70 ,0.71 ,0.19 ,6 
0.10 ,0.15 ,0.09 ,0.03 ,0.03 ,7 
0.66 ,0.21 ,0.13 ,0.06 ,0.83 ,8 
0.69 ,0.88 ,0.85 ,0.82 ,0.88 ,9 
0.70 ,0.16 ,0.12 ,0.04 ,0.04 ,10 
0.41 ,0.50 ,0.52 ,0.42 ,0.21 ,11 
0.74 ,0.75 ,0.63 ,0.07 ,0.08 ,12 
0.62 ,0.21 ,0.15 ,0.78 ,0.81 ,13 
0.36 ,0.21 ,0.21 ,0.67 ,0.83 ,14 
0.06 ,0.14 ,0.10 ,0.06 ,0.57 ,15 
0.17 ,0.86 ,0.75 ,0.75 ,0.85 ,16 
0.67 ,0.80 ,0.13 ,0.04 ,0.07 ,17 
0.06 ,0.12 ,0.13 ,0.59 ,0.58 ,18 
0.39 ,0.56 ,0.42 ,0.32 ,0.24 ,0 
0.38 ,0.23 ,0.35 ,0.28 ,0.09 ,1 
0.70 ,0.23 ,0.79 ,0.83 ,0.93 ,2 
0.11 ,0.21 ,0.77 ,0.82 ,0.87 ,3 
0.78 ,0.76 ,0.50 ,0.53 ,0.14 ,4 
0.49 ,0.51 ,0.13 ,0.06 ,0.05 ,5 
0.09 ,0.21 ,0.71 ,0.74 ,0.12 ,6 
0.12 ,0.21 ,0.11 ,0.06 ,0.03 ,7 
0.67 ,0.20 ,0.13 ,0.06 ,0.82 ,8 
0.70 ,0.94 ,0.95 ,0.90 ,0.90 ,9 
0.71 ,0.18 ,0.13 ,0.04 ,0.05 ,10 
0.37 ,0.59 ,0.55 ,0.46 ,0.23 ,11 
0.72 ,0.75 ,0.56 ,0.06 ,0.10 ,12 
0.59 ,0.23 ,0.18 ,0.85 ,0.84 ,13 
0.34 ,0.23 ,0.22 ,0.71 ,0.83 ,14 
0.07 ,0.22 ,0.10 ,0.12 ,0.73 ,15 
0.14 ,0.85 ,0.71 ,0.77 ,0.81 ,16 
0.67 ,0.79 ,0.15 ,0.05 ,0.08 ,17 
0.06 ,0.12 ,0.15 ,0.62 ,0.57 ,18 
0.39 ,0.45 ,0.35 ,0.30 ,0.19 ,0 
0.41 ,0.23 ,0.46 ,0.34 ,0.10 ,1 
0.72 ,0.24 ,0.83 ,0.81 ,0.94 ,2 
0.10 ,0.21 ,0.76 ,0.74 ,0.85 ,3 
0.78 ,0.72 ,0.60 ,0.52 ,0.10 ,4 
0.31 ,0.43 ,0.13 ,0.02 ,0.05 ,5 
0.62 ,0.60 ,0.14 ,0.06 ,0.05 ,5 
0.14 ,0.21 ,0.75 ,0.75 ,0.22 ,6 
0.10 ,0.16 ,0.10 ,0.04 ,0.03 ,7 
0.68 ,0.19 ,0.13 ,0.08 ,0.85 ,8 
0.70 ,0.92 ,0.96 ,0.90 ,0.91 ,9 
0.72 ,0.14 ,0.11 ,0.04 ,0.03 ,10 
0.44 ,0.65 ,0.63 ,0.52 ,0.29 ,11 
0.69 ,0.73 ,0.58 ,0.06 ,0.10 ,12 
0.58 ,0.22 ,0.18 ,0.87 ,0.83 ,13 
0.37 ,0.21 ,0.20 ,0.69 ,0.82 ,14 
0.05 ,0.16 ,0.10 ,0.07 ,0.56 ,15 
0.18 ,0.87 ,0.78 ,0.78 ,0.87 ,16 
0.68 ,0.82 ,0.14 ,0.04 ,0.08 ,17 
0.06 ,0.13 ,0.19 ,0.69 ,0.65 ,18 
0.35 ,0.58 ,0.46 ,0.31 ,0.23 ,0 
0.40 ,0.23 ,0.39 ,0.38 ,0.10 ,1 
0.74 ,0.24 ,0.87 ,0.87 ,0.97 ,2 
0.12 ,0.21 ,0.85 ,0.83 ,0.90 ,3 
0.82 ,0.80 ,0.62 ,0.51 ,0.12 ,4 
0.57 ,0.61 ,0.15 ,0.06 ,0.04 ,5 
0.14 ,0.23 ,0.74 ,0.76 ,0.22 ,6 
0.12 ,0.16 ,0.10 ,0.05 ,0.03 ,7 
0.69 ,0.21 ,0.13 ,0.07 ,0.85 ,8 
0.66 ,0.91 ,0.96 ,0.90 ,0.90 ,9 
0.70 ,0.16 ,0.11 ,0.04 ,0.03 ,10 
0.41 ,0.70 ,0.68 ,0.55 ,0.27 ,11 
0.70 ,0.68 ,0.58 ,0.05 ,0.10 ,12 
0.58 ,0.21 ,0.17 ,0.82 ,0.76 ,13 
0.34 ,0.22 ,0.22 ,0.72 ,0.84 ,14 
0.06 ,0.16 ,0.10 ,0.13 ,0.66 ,15 
0.15 ,0.95 ,0.88 ,0.85 ,0.85 ,16 
0.67 ,0.77 ,0.15 ,0.06 ,0.05 ,17 
0.06 ,0.14 ,0.16 ,0.64 ,0.68 ,18 
0.28 ,0.46 ,0.29 ,0.18 ,0.11 ,0 
0.42 ,0.23 ,0.39 ,0.34 ,0.07 ,1 
0.70 ,0.24 ,0.89 ,0.92 ,0.95 ,2 
0.10 ,0.18 ,0.86 ,0.90 ,0.86 ,3 
0.82 ,0.77 ,0.54 ,0.54 ,0.12 ,4 
0.55 ,0.57 ,0.14 ,0.06 ,0.06 ,5 
0.11 ,0.23 ,0.73 ,0.74 ,0.21 ,6 
0.14 ,0.18 ,0.10 ,0.04 ,0.04 ,7 
0.68 ,0.23 ,0.13 ,0.06 ,0.81 ,8 
0.66 ,0.92 ,0.95 ,0.90 ,0.90 ,9 
0.71 ,0.21 ,0.12 ,0.04 ,0.03 ,10 
0.38 ,0.59 ,0.56 ,0.46 ,0.26 ,11 
0.76 ,0.77 ,0.65 ,0.10 ,0.09 ,12 
0.61 ,0.22 ,0.17 ,0.87 ,0.83 ,13 
0.34 ,0.23 ,0.20 ,0.67 ,0.76 ,14 
0.08 ,0.19 ,0.11 ,0.18 ,0.68 ,15 
0.16 ,0.89 ,0.73 ,0.74 ,0.77 ,16 
0.71 ,0.77 ,0.15 ,0.05 ,0.06 ,17 
0.05 ,0.12 ,0.15 ,0.61 ,0.60 ,18 
0.41 ,0.62 ,0.49 ,0.31 ,0.19 ,0 
0.43 ,0.25 ,0.41 ,0.38 ,0.08 ,1 
0.58 ,0.23 ,0.74 ,0.82 ,0.81 ,2 
0.09 ,0.19 ,0.75 ,0.74 ,0.86 ,3 
0.78 ,0.74 ,0.55 ,0.51 ,0.12 ,4 
0.52 ,0.56 ,0.14 ,0.07 ,0.05 ,5 
0.11 ,0.20 ,0.73 ,0.77 ,0.23 ,6 
0.11 ,0.14 ,0.10 ,0.03 ,0.04 ,7 
0.42 ,0.49 ,0.36 ,0.30 ,0.34 ,0 
0.42 ,0.25 ,0.40 ,0.34 ,0.15 ,1 
0.79 ,0.29 ,0.93 ,0.94 ,1.00 ,2 
0.15 ,0.23 ,0.88 ,0.94 ,0.92 ,3 
0.86 ,0.75 ,0.67 ,0.66 ,0.21 ,4 
0.68 ,0.64 ,0.13 ,0.06 ,0.09 ,5 
0.27 ,0.25 ,0.76 ,0.78 ,0.28 ,6 
0.18 ,0.18 ,0.10 ,0.04 ,0.07 ,7 
0.72 ,0.23 ,0.13 ,0.10 ,0.83 ,8 
0.80 ,0.89 ,0.99 ,0.97 ,0.97 ,9 
0.78 ,0.22 ,0.13 ,0.05 ,0.10 ,10 
0.59 ,0.73 ,0.71 ,0.68 ,0.48 ,11 
0.66 ,0.76 ,0.63 ,0.10 ,0.13 ,12 
0.62 ,0.24 ,0.21 ,0.94 ,0.82 ,13 
0.48 ,0.24 ,0.28 ,0.74 ,0.92 ,14 
0.11 ,0.19 ,0.11 ,0.10 ,0.75 ,15 
0.26 ,0.86 ,0.74 ,0.81 ,0.83 ,16 
0.72 ,0.79 ,0.15 ,0.06 ,0.11 ,17 
0.11 ,0.14 ,0.14 ,0.67 ,0.72 ,18 
0.38 ,0.51 ,0.38 ,0.30 ,0.28 ,0 
0.44 ,0.26 ,0.45 ,0.43 ,0.17 ,1 
0.74 ,0.27 ,0.87 ,0.92 ,0.95 ,2 
0.12 ,0.18 ,0.89 ,0.93 ,0.87 ,3 
0.81 ,0.75 ,0.60 ,0.62 ,0.18 ,4 
0.64 ,0.64 ,0.14 ,0.08 ,0.10 ,5 
0.23 ,0.25 ,0.74 ,0.77 ,0.24 ,6 
0.20 ,0.21 ,0.12 ,0.05 ,0.07 ,7 
0.67 ,0.22 ,0.14 ,0.07 ,0.83 ,8 
0.79 ,0.95 ,0.98 ,0.97 ,0.97 ,9 
0.75 ,0.16 ,0.14 ,0.04 ,0.10 ,10 
0.46 ,0.52 ,0.57 ,0.58 ,0.35 ,11 
0.86 ,0.85 ,0.68 ,0.18 ,0.14 ,12 
0.58 ,0.25 ,0.20 ,0.87 ,0.84 ,13 
0.40 ,0.25 ,0.26 ,0.75 ,0.83 ,14 
0.11 ,0.21 ,0.12 ,0.06 ,0.69 ,15 
0.31 ,0.85 ,0.82 ,0.84 ,0.90 ,16 
0.74 ,0.77 ,0.14 ,0.05 ,0.11 ,17 
0.11 ,0.16 ,0.15 ,0.67 ,0.73 ,18 
0.44 ,0.62 ,0.50 ,0.42 ,0.39 ,0 
0.41 ,0.26 ,0.46 ,0.46 ,0.16 ,1 
0.77 ,0.29 ,0.88 ,0.91 ,0.97 ,2 
0.14 ,0.25 ,0.85 ,0.90 ,0.90 ,3 
0.82 ,0.85 ,0.61 ,0.68 ,0.17 ,4 
0.66 ,0.66 ,0.17 ,0.14 ,0.11 ,5 
0.13 ,0.16 ,0.68 ,0.70 ,0.07 ,6 
0.18 ,0.19 ,0.13 ,0.06 ,0.08 ,7 
0.65 ,0.23 ,0.15 ,0.10 ,0.78 ,8 
0.78 ,0.95 ,0.97 ,0.95 ,0.95 ,9 
0.75 ,0.20 ,0.13 ,0.05 ,0.09 ,10 
0.40 ,0.56 ,0.57 ,0.49 ,0.31 ,11 
0.75 ,0.82 ,0.67 ,0.17 ,0.12 ,12 
0.58 ,0.24 ,0.20 ,0.88 ,0.80 ,13 
0.37 ,0.25 ,0.27 ,0.75 ,0.88 ,14 
0.10 ,0.21 ,0.11 ,0.12 ,0.65 ,15 
0.21 ,0.88 ,0.76 ,0.81 ,0.90 ,16 
0.72 ,0.77 ,0.15 ,0.06 ,0.11 ,17 
0.10 ,0.16 ,0.17 ,0.67 ,0.67 ,18 
0.49 ,0.56 ,0.36 ,0.28 ,0.25 ,0 
0.49 ,0.26 ,0.50 ,0.45 ,0.14 ,1 
0.44 ,0.54 ,0.43 ,0.33 ,0.25 ,0 
0.47 ,0.26 ,0.51 ,0.34 ,0.15 ,1 
0.74 ,0.29 ,0.89 ,0.92 ,0.97 ,2 
0.16 ,0.21 ,0.83 ,0.88 ,0.90 ,3 
0.78 ,0.73 ,0.64 ,0.68 ,0.15 ,4 
0.58 ,0.58 ,0.18 ,0.10 ,0.09 ,5 
0.15 ,0.25 ,0.72 ,0.80 ,0.14 ,6 
0.11 ,0.16 ,0.10 ,0.02 ,0.06 ,7 
0.62 ,0.21 ,0.14 ,0.07 ,0.81 ,8 
0.77 ,0.95 ,0.98 ,0.95 ,0.97 ,9 
0.74 ,0.18 ,0.14 ,0.04 ,0.09 ,10 
0.49 ,0.51 ,0.58 ,0.54 ,0.37 ,11 
0.74 ,0.78 ,0.71 ,0.10 ,0.14 ,12 
0.58 ,0.25 ,0.18 ,0.90 ,0.84 ,13 
0.41 ,0.25 ,0.26 ,0.74 ,0.85 ,14 
0.10 ,0.19 ,0.11 ,0.10 ,0.57 ,15 
0.25 ,0.90 ,0.82 ,0.88 ,0.92 ,16 
0.69 ,0.84 ,0.17 ,0.06 ,0.12 ,17 
0.11 ,0.15 ,0.12 ,0.67 ,0.69 ,18 
0.38 ,0.49 ,0.33 ,0.28 ,0.28 ,0 
0.46 ,0.25 ,0.46 ,0.49 ,0.15 ,1 
0.73 ,0.27 ,0.79 ,0.86 ,0.97 ,2 
0.13 ,0.14 ,0.93 ,0.90 ,0.82 ,3 
0.81 ,0.82 ,0.71 ,0.66 ,0.15 ,4 
0.55 ,0.66 ,0.16 ,0.04 ,0.09 ,5 
0.18 ,0.23 ,0.75 ,0.79 ,0.23 ,6 
0.22 ,0.22 ,0.13 ,0.06 ,0.11 ,7 
0.66 ,0.21 ,0.14 ,0.08 ,0.81 ,8 
0.75 ,0.95 ,0.97 ,0.95 ,0.93 ,9 
0.74 ,0.21 ,0.14 ,0.05 ,0.10 ,10 
0.46 ,0.51 ,0.57 ,0.48 ,0.37 ,11 
0.81 ,0.79 ,0.68 ,0.09 ,0.11 ,12 
0.62 ,0.25 ,0.20 ,0.85 ,0.83 ,13 
0.37 ,0.25 ,0.24 ,0.71 ,0.85 ,14 
0.10 ,0.24 ,0.13 ,0.36 ,0.76 ,15 
0.26 ,0.86 ,0.75 ,0.82 ,0.89 ,16 
0.76 ,0.80 ,0.17 ,0.07 ,0.12 ,17 
0.09 ,0.13 ,0.13 ,0.70 ,0.68 ,18 
0.44 ,0.40 ,0.23 ,0.18 ,0.19 ,0 
0.46 ,0.25 ,0.41 ,0.43 ,0.14 ,1 
0.66 ,0.28 ,0.82 ,0.87 ,0.92 ,2 
0.14 ,0.21 ,0.81 ,0.83 ,0.86 ,3 
0.79 ,0.82 ,0.59 ,0.63 ,0.17 ,4 
0.53 ,0.67 ,0.17 ,0.05 ,0.08 ,5 
0.14 ,0.24 ,0.75 ,0.79 ,0.15 ,6 
0.22 ,0.23 ,0.14 ,0.06 ,0.10 ,7 
0.66 ,0.23 ,0.15 ,0.09 ,0.76 ,8 
0.73 ,0.95 ,0.96 ,0.94 ,0.90 ,9 
0.71 ,0.20 ,0.14 ,0.05 ,0.10 ,10 
0.37 ,0.43 ,0.56 ,0.55 ,0.37 ,11 
0.72 ,0.83 ,0.71 ,0.10 ,0.13 ,12 
0.58 ,0.25 ,0.22 ,0.91 ,0.88 ,13 
0.36 ,0.25 ,0.26 ,0.72 ,0.88 ,14 
0.10 ,0.20 ,0.11 ,0.07 ,0.70 ,15 
0.20 ,0.86 ,0.73 ,0.74 ,0.89 ,16 
0.71 ,0.84 ,0.15 ,0.06 ,0.12 ,17 
0.09 ,0.16 ,0.13 ,0.63 ,0.65 ,18 
0.53 ,0.65 ,0.59 ,0.43 ,0.30 ,0 
0.47 ,0.25 ,0.51 ,0.48 ,0.13 ,1 
0.68 ,0.27 ,0.86 ,0.89 ,0.95 ,2 
0.11 ,0.18 ,0.86 ,0.90 ,0.90 ,3 
0.81 ,0.81 ,0.54 ,0.53 ,0.16 ,4 
0.58 ,0.65 ,0.24 ,0.17 ,0.12 ,5 
0.16 ,0.24 ,0.76 ,0.78 ,0.23 ,6 
0.24 ,0.23 ,0.13 ,0.06 ,0.09 ,7 
0.67 ,0.24 ,0.15 ,0.09 ,0.83 ,8 
0.74 ,0.93 ,0.94 ,0.94 ,0.92 ,9 
0.73 ,0.19 ,0.14 ,0.05 ,0.10 ,10 
0.43 ,0.51 ,0.57 ,0.56 ,0.31 ,11 
0.71 ,0.76 ,0.65 ,0.06 ,0.14 ,12 
0.61 ,0.24 ,0.17 ,0.86 ,0.77 ,13 
0.39 ,0.26 ,0.26 ,0.68 ,0.86 ,14 
0.11 ,0.24 ,0.12 ,0.07 ,0.68 ,15 
0.22 ,0.84 ,0.75 ,0.77 ,0.88 ,16 
0.73 ,0.78 ,0.15 ,0.06 ,0.13 ,17 
0.12 ,0.16 ,0.15 ,0.69 ,0.70 ,18 
0.57 ,0.62 ,0.61 ,0.55 ,0.52 ,0 
0.47 ,0.26 ,0.43 ,0.40 ,0.14 ,1 
0.69 ,0.31 ,0.85 ,0.92 ,0.95 ,2 
0.11 ,0.18 ,0.82 ,0.88 ,0.87 ,3 
0.82 ,0.84 ,0.60 ,0.65 ,0.16 ,4 
0.56 ,0.66 ,0.18 ,0.11 ,0.08 ,5 
0.25 ,0.23 ,0.73 ,0.78 ,0.19 ,6 
0.22 ,0.24 ,0.13 ,0.05 ,0.11 ,7 
0.66 ,0.25 ,0.14 ,0.11 ,0.76 ,8 
0.72 ,0.94 ,0.96 ,0.94 ,0.94 ,9 
0.73 ,0.22 ,0.15 ,0.05 ,0.09 ,10 
0.38 ,0.51 ,0.49 ,0.46 ,0.22 ,11 
0.74 ,0.79 ,0.61 ,0.14 ,0.14 ,12 
0.59 ,0.25 ,0.19 ,0.83 ,0.83 ,13 
0.35 ,0.25 ,0.25 ,0.69 ,0.83 ,14 
0.09 ,0.22 ,0.12 ,0.30 ,0.76 ,15 
0.23 ,0.86 ,0.76 ,0.82 ,0.90 ,16 
0.76 ,0.81 ,0.16 ,0.05 ,0.11 ,17 
0.10 ,0.14 ,0.15 ,0.70 ,0.74 ,18 
0.36 ,0.43 ,0.32 ,0.30 ,0.23 ,0 
0.46 ,0.26 ,0.49 ,0.45 ,0.14 ,1 
0.70 ,0.29 ,0.88 ,0.93 ,0.95 ,2 
0.14 ,0.25 ,0.82 ,0.89 ,0.90 ,3 
0.77 ,0.84 ,0.49 ,0.53 ,0.18 ,4 
0.15 ,0.26 ,0.75 ,0.82 ,0.14 ,6 
0.22 ,0.23 ,0.13 ,0.06 ,0.07 ,7 
0.69 ,0.23 ,0.14 ,0.07 ,0.81 ,8 
0.75 ,0.96 ,0.99 ,0.98 ,0.99 ,9 
0.39 ,0.27 ,0.26 ,0.78 ,0.90 ,14 
0.64 ,0.25 ,0.19 ,0.79 ,0.78 ,13 
0.73 ,0.81 ,0.65 ,0.06 ,0.12 ,12 
0.19 ,0.20 ,0.11 ,0.03 ,0.08 ,11 
0.76 ,0.21 ,0.13 ,0.04 ,0.09 ,10 
0.08 ,0.21 ,0.10 ,0.17 ,0.73 ,15 
0.18 ,0.90 ,0.85 ,0.89 ,0.96 ,16 
0.73 ,0.79 ,0.15 ,0.06 ,0.11 ,17 
0.13 ,0.18 ,0.14 ,0.73 ,0.74 ,18 
0.46 ,0.57 ,0.54 ,0.46 ,0.34 ,0 
0.46 ,0.25 ,0.40 ,0.32 ,0.15 ,1 
0.66 ,0.27 ,0.85 ,0.91 ,0.97 ,2 
0.11 ,0.22 ,0.94 ,0.92 ,0.87 ,3 
0.83 ,0.79 ,0.65 ,0.74 ,0.17 ,4 
0.56 ,0.68 ,0.27 ,0.20 ,0.10 ,5 
0.12 ,0.24 ,0.70 ,0.78 ,0.10 ,6 
0.18 ,0.23 ,0.13 ,0.06 ,0.08 ,7 
0.68 ,0.24 ,0.14 ,0.10 ,0.83 ,8 
0.70 ,0.94 ,0.96 ,0.94 ,0.95 ,9 
0.71 ,0.23 ,0.14 ,0.04 ,0.09 ,10 
0.44 ,0.54 ,0.64 ,0.61 ,0.38 ,11 
0.74 ,0.84 ,0.70 ,0.12 ,0.11 ,12 
0.59 ,0.25 ,0.20 ,0.86 ,0.85 ,13 
0.42 ,0.25 ,0.32 ,0.77 ,0.72 ,14 
0.08 ,0.20 ,0.11 ,0.16 ,0.57 ,15 
0.19 ,0.87 ,0.82 ,0.82 ,0.92 ,16 
0.72 ,0.80 ,0.17 ,0.06 ,0.11 ,17 
0.10 ,0.16 ,0.13 ,0.62 ,0.64 ,18 
0.50 ,0.69 ,0.60 ,0.48 ,0.43 ,0 
0.43 ,0.25 ,0.46 ,0.26 ,0.16 ,1 
0.62 ,0.26 ,0.75 ,0.83 ,0.93 ,2 
0.14 ,0.25 ,0.76 ,0.77 ,0.91 ,3 
0.84 ,0.83 ,0.60 ,0.66 ,0.16 ,4 
0.59 ,0.71 ,0.40 ,0.23 ,0.10 ,5 
0.13 ,0.25 ,0.70 ,0.76 ,0.16 ,6 
0.21 ,0.22 ,0.13 ,0.06 ,0.07 ,7 
0.64 ,0.24 ,0.14 ,0.08 ,0.77 ,8 
0.70 ,0.88 ,0.93 ,0.94 ,0.96 ,9 
0.70 ,0.20 ,0.14 ,0.03 ,0.09 ,10 
0.39 ,0.49 ,0.55 ,0.56 ,0.33 ,11 
0.71 ,0.77 ,0.60 ,0.06 ,0.13 ,12 
0.58 ,0.25 ,0.20 ,0.84 ,0.83 ,13 
0.41 ,0.25 ,0.32 ,0.82 ,0.80 ,14 
0.10 ,0.23 ,0.12 ,0.18 ,0.72 ,15 
0.20 ,0.85 ,0.71 ,0.81 ,0.86 ,16 
0.70 ,0.79 ,0.17 ,0.05 ,0.11 ,17 
0.10 ,0.18 ,0.14 ,0.71 ,0.76 ,18 
0.37 ,0.53 ,0.49 ,0.30 ,0.23 ,0 
0.35 ,0.51 ,0.43 ,0.26 ,0.23 ,0 
0.36 ,0.47 ,0.37 ,0.22 ,0.22 ,0 
0.57 ,0.73 ,0.65 ,0.54 ,0.47 ,0 
0.54 ,0.64 ,0.53 ,0.44 ,0.41 ,0 
0.46 ,0.25 ,0.46 ,0.42 ,0.16 ,1 
0.48 ,0.23 ,0.43 ,0.46 ,0.14 ,1 
0.44 ,0.23 ,0.40 ,0.41 ,0.14 ,1 
0.43 ,0.24 ,0.39 ,0.42 ,0.13 ,1 
0.44 ,0.23 ,0.40 ,0.42 ,0.13 ,1 
0.74 ,0.26 ,0.86 ,0.92 ,0.96 ,2 
0.73 ,0.25 ,0.85 ,0.90 ,0.93 ,2 
0.72 ,0.25 ,0.85 ,0.89 ,0.92 ,2 
0.71 ,0.25 ,0.83 ,0.89 ,0.90 ,2 
0.70 ,0.25 ,0.83 ,0.88 ,0.90 ,2 
0.16 ,0.24 ,0.82 ,0.89 ,0.88 ,3 
0.17 ,0.23 ,0.81 ,0.88 ,0.87 ,3 
0.16 ,0.23 ,0.81 ,0.88 ,0.87 ,3 
0.17 ,0.23 ,0.80 ,0.87 ,0.87 ,3 
0.17 ,0.23 ,0.80 ,0.88 ,0.87 ,3 
0.80 ,0.78 ,0.54 ,0.58 ,0.17 ,4 
0.82 ,0.74 ,0.61 ,0.65 ,0.16 ,4 
0.82 ,0.73 ,0.60 ,0.64 ,0.17 ,4 
0.82 ,0.73 ,0.60 ,0.63 ,0.17 ,4 
0.80 ,0.72 ,0.60 ,0.63 ,0.16 ,4 
0.52 ,0.62 ,0.19 ,0.14 ,0.10 ,5 
0.64 ,0.67 ,0.15 ,0.03 ,0.10 ,5 
0.64 ,0.67 ,0.15 ,0.03 ,0.10 ,5 
0.62 ,0.66 ,0.15 ,0.03 ,0.10 ,5 
0.62 ,0.66 ,0.15 ,0.03 ,0.10 ,5 
0.13 ,0.25 ,0.74 ,0.79 ,0.21 ,6 
0.15 ,0.25 ,0.72 ,0.77 ,0.23 ,6 
0.19 ,0.25 ,0.71 ,0.74 ,0.24 ,6 
0.14 ,0.22 ,0.90 ,0.78 ,0.09 ,6 
0.14 ,0.21 ,0.89 ,0.77 ,0.09 ,6 
0.20 ,0.25 ,0.12 ,0.05 ,0.07 ,7 
0.10 ,0.18 ,0.10 ,0.02 ,0.07 ,7 
0.11 ,0.18 ,0.09 ,0.02 ,0.08 ,7 
0.12 ,0.20 ,0.09 ,0.02 ,0.09 ,7 
0.71 ,0.25 ,0.13 ,0.09 ,0.90 ,8 
0.69 ,0.24 ,0.13 ,0.08 ,0.86 ,8 
0.67 ,0.24 ,0.13 ,0.08 ,0.83 ,8 
0.74 ,0.95 ,0.96 ,0.96 ,0.96 ,9 
0.74 ,0.94 ,0.94 ,0.94 ,0.95 ,9 
0.72 ,0.92 ,0.93 ,0.92 ,0.93 ,9 
0.70 ,0.90 ,0.92 ,0.90 ,0.91 ,9 
0.71 ,0.22 ,0.13 ,0.04 ,0.09 ,10 
0.72 ,0.22 ,0.13 ,0.03 ,0.09 ,10 
0.71 ,0.23 ,0.13 ,0.02 ,0.09 ,10 
0.71 ,0.23 ,0.13 ,0.04 ,0.09 ,10 
0.52 ,0.61 ,0.68 ,0.62 ,0.46 ,11 
0.55 ,0.61 ,0.70 ,0.67 ,0.48 ,11 
0.64 ,0.58 ,0.62 ,0.60 ,0.43 ,11 
0.63 ,0.61 ,0.60 ,0.58 ,0.43 ,11 
0.72 ,0.77 ,0.64 ,0.05 ,0.11 ,12 
0.72 ,0.75 ,0.63 ,0.06 ,0.11 ,12 
0.72 ,0.75 ,0.62 ,0.06 ,0.11 ,12 
0.72 ,0.75 ,0.62 ,0.06 ,0.11 ,12 
0.74 ,0.75 ,0.61 ,0.07 ,0.11 ,12 
0.62 ,0.25 ,0.20 ,0.85 ,0.83 ,13 
0.61 ,0.25 ,0.20 ,0.85 ,0.82 ,13 
0.61 ,0.25 ,0.20 ,0.84 ,0.82 ,13 
0.66 ,0.25 ,0.20 ,0.82 ,0.77 ,13 
0.65 ,0.25 ,0.20 ,0.82 ,0.77 ,13 
0.65 ,0.26 ,0.19 ,0.80 ,0.74 ,13 
0.38 ,0.25 ,0.28 ,0.74 ,0.81 ,14 
0.37 ,0.24 ,0.28 ,0.74 ,0.81 ,14 
0.37 ,0.24 ,0.28 ,0.73 ,0.81 ,14 
0.37 ,0.24 ,0.28 ,0.73 ,0.81 ,14 
0.36 ,0.24 ,0.28 ,0.73 ,0.80 ,14 
0.09 ,0.21 ,0.12 ,0.10 ,0.68 ,15 
0.08 ,0.21 ,0.11 ,0.13 ,0.63 ,15 
0.09 ,0.24 ,0.12 ,0.12 ,0.64 ,15 
0.08 ,0.25 ,0.12 ,0.12 ,0.63 ,15 
0.09 ,0.25 ,0.13 ,0.12 ,0.63 ,15 
0.22 ,0.89 ,0.78 ,0.76 ,0.85 ,16 
0.21 ,0.87 ,0.76 ,0.73 ,0.84 ,16 
0.20 ,0.86 ,0.74 ,0.72 ,0.83 ,16 
0.21 ,0.85 ,0.74 ,0.70 ,0.83 ,16 
0.20 ,0.84 ,0.74 ,0.70 ,0.82 ,16 
0.73 ,0.78 ,0.15 ,0.05 ,0.11 ,17 
0.71 ,0.77 ,0.15 ,0.05 ,0.11 ,17 
0.71 ,0.84 ,0.15 ,0.05 ,0.11 ,17 
0.70 ,0.83 ,0.14 ,0.04 ,0.11 ,17 
0.70 ,0.82 ,0.15 ,0.04 ,0.11 ,17 
0.09 ,0.16 ,0.13 ,0.65 ,0.65 ,18 
0.10 ,0.16 ,0.13 ,0.62 ,0.61 ,18 
0.10 ,0.16 ,0.13 ,0.70 ,0.64 ,18 
0.10 ,0.17 ,0.13 ,0.70 ,0.63 ,18 
0.10 ,0.18 ,0.13 ,0.69 ,0.63 ,18 
0.38 ,0.40 ,0.27 ,0.22 ,0.20 ,0 
0.38 ,0.14 ,0.38 ,0.25 ,0.10 ,1 
0.69 ,0.18 ,0.84 ,0.89 ,0.93 ,2 
0.13 ,0.14 ,0.81 ,0.84 ,0.88 ,3 
0.12 ,0.14 ,0.80 ,0.82 ,0.87 ,3 
0.78 ,0.75 ,0.58 ,0.55 ,0.15 ,4 
0.76 ,0.73 ,0.59 ,0.58 ,0.13 ,4 
0.55 ,0.59 ,0.17 ,0.06 ,0.06 ,5 
0.54 ,0.59 ,0.13 ,0.01 ,0.06 ,5 
0.14 ,0.12 ,0.71 ,0.74 ,0.08 ,6 
0.22 ,0.14 ,0.71 ,0.72 ,0.21 ,6 
0.14 ,0.12 ,0.71 ,0.71 ,0.07 ,6 
0.15 ,0.10 ,0.09 ,0.02 ,0.02 ,7 
0.10 ,0.06 ,0.07 ,0.00 ,0.03 ,7 
0.13 ,0.04 ,0.07 ,0.00 ,0.02 ,7 
0.16 ,0.12 ,0.07 ,0.01 ,0.03 ,7 
0.16 ,0.13 ,0.08 ,0.02 ,0.04 ,7 
0.62 ,0.12 ,0.11 ,0.06 ,0.74 ,8 
0.58 ,0.12 ,0.10 ,0.05 ,0.71 ,8 
0.58 ,0.12 ,0.10 ,0.05 ,0.70 ,8 
0.74 ,0.95 ,0.94 ,0.91 ,0.92 ,9 
0.71 ,0.93 ,0.93 ,0.89 ,0.90 ,9 
0.70 ,0.11 ,0.09 ,0.01 ,0.03 ,10 
0.46 ,0.53 ,0.63 ,0.56 ,0.36 ,11 
0.69 ,0.76 ,0.62 ,0.02 ,0.06 ,12 
0.61 ,0.15 ,0.15 ,0.79 ,0.76 ,13 
0.62 ,0.14 ,0.16 ,0.79 ,0.74 ,13 
0.64 ,0.14 ,0.17 ,0.78 ,0.69 ,13 
0.63 ,0.14 ,0.17 ,0.77 ,0.68 ,13 
0.41 ,0.15 ,0.26 ,0.69 ,0.70 ,14 
0.41 ,0.14 ,0.26 ,0.70 ,0.74 ,14 
0.09 ,0.08 ,0.07 ,0.03 ,0.69 ,15 
0.09 ,0.09 ,0.07 ,0.04 ,0.69 ,15 
0.26 ,0.87 ,0.79 ,0.77 ,0.80 ,16 
0.25 ,0.84 ,0.77 ,0.74 ,0.78 ,16 
0.68 ,0.78 ,0.13 ,0.03 ,0.08 ,17 
0.66 ,0.76 ,0.12 ,0.02 ,0.07 ,17 
0.07 ,0.05 ,0.10 ,0.56 ,0.52 ,18 
0.08 ,0.05 ,0.10 ,0.54 ,0.50 ,18 
0.66 ,0.77 ,0.13 ,0.02 ,0.07 ,17 
0.31 ,0.41 ,0.32 ,0.20 ,0.15 ,0 
0.28 ,0.37 ,0.25 ,0.17 ,0.13 ,0 
0.29 ,0.39 ,0.26 ,0.17 ,0.14 ,0 
0.32 ,0.40 ,0.28 ,0.20 ,0.17 ,0 
0.40 ,0.15 ,0.43 ,0.40 ,0.10 ,1 
0.42 ,0.15 ,0.43 ,0.42 ,0.10 ,1 
0.46 ,0.14 ,0.44 ,0.46 ,0.08 ,1 
0.43 ,0.15 ,0.45 ,0.40 ,0.10 ,1 
0.72 ,0.15 ,0.78 ,0.80 ,0.93 ,2 
0.70 ,0.14 ,0.76 ,0.79 ,0.90 ,2 
0.69 ,0.14 ,0.76 ,0.78 ,0.90 ,2 
0.70 ,0.17 ,0.90 ,0.82 ,0.88 ,2 
0.23 ,0.13 ,0.88 ,0.82 ,0.86 ,3 
0.24 ,0.12 ,0.88 ,0.81 ,0.85 ,3 
0.26 ,0.12 ,0.72 ,0.67 ,0.75 ,3 
0.25 ,0.12 ,0.71 ,0.68 ,0.76 ,3 
0.23 ,0.11 ,0.71 ,0.66 ,0.74 ,3 
0.80 ,0.76 ,0.59 ,0.66 ,0.10 ,4 
0.78 ,0.75 ,0.59 ,0.66 ,0.11 ,4 
0.78 ,0.66 ,0.60 ,0.55 ,0.12 ,4 
0.67 ,0.63 ,0.56 ,0.51 ,0.10 ,4 
0.45 ,0.58 ,0.12 ,0.01 ,0.03 ,5 
0.46 ,0.56 ,0.12 ,0.02 ,0.03 ,5 
0.46 ,0.71 ,0.13 ,0.01 ,0.03 ,5 
0.46 ,0.71 ,0.12 ,0.01 ,0.03 ,5 
0.46 ,0.71 ,0.12 ,0.01 ,0.03 ,5 
0.14 ,0.14 ,0.71 ,0.74 ,0.06 ,6 
0.22 ,0.14 ,0.71 ,0.70 ,0.17 ,6 
0.20 ,0.13 ,0.69 ,0.69 ,0.14 ,6 
0.12 ,0.11 ,0.69 ,0.70 ,0.04 ,6 
0.11 ,0.08 ,0.07 ,0.01 ,0.03 ,7 
0.10 ,0.08 ,0.07 ,0.01 ,0.02 ,7 
0.10 ,0.08 ,0.07 ,0.00 ,0.02 ,7 
0.65 ,0.14 ,0.11 ,0.06 ,0.83 ,8 
0.62 ,0.14 ,0.10 ,0.06 ,0.80 ,8 
0.61 ,0.14 ,0.10 ,0.06 ,0.77 ,8 
0.46 ,0.54 ,0.42 ,0.36 ,0.24 ,0 
0.46 ,0.21 ,0.52 ,0.34 ,0.10 ,1 
0.42 ,0.21 ,0.48 ,0.46 ,0.17 ,1 
0.11 ,0.12 ,0.11 ,0.76 ,0.72 ,18 
0.11 ,0.13 ,0.11 ,0.76 ,0.71 ,18 
0.11 ,0.13 ,0.11 ,0.76 ,0.71 ,18 
0.10 ,0.12 ,0.12 ,0.76 ,0.70 ,18 
0.10 ,0.12 ,0.14 ,0.71 ,0.71 ,18 
0.14 ,0.17 ,0.13 ,0.70 ,0.70 ,18 
0.74 ,0.83 ,0.16 ,0.03 ,0.06 ,17 
0.73 ,0.85 ,0.15 ,0.02 ,0.06 ,17 
0.71 ,0.84 ,0.15 ,0.03 ,0.06 ,17 
0.71 ,0.83 ,0.15 ,0.03 ,0.06 ,17 
0.18 ,0.95 ,0.90 ,0.93 ,0.95 ,16 
0.19 ,0.93 ,0.88 ,0.91 ,0.92 ,16 
0.22 ,0.95 ,0.98 ,0.95 ,0.92 ,16 
0.23 ,0.95 ,0.97 ,0.94 ,0.92 ,16 
0.10 ,0.14 ,0.10 ,0.06 ,0.60 ,15 
0.09 ,0.11 ,0.10 ,0.06 ,0.59 ,15 
0.08 ,0.12 ,0.11 ,0.06 ,0.57 ,15 
0.45 ,0.22 ,0.30 ,0.72 ,0.88 ,14 
0.45 ,0.21 ,0.29 ,0.70 ,0.87 ,14 
0.44 ,0.21 ,0.29 ,0.70 ,0.89 ,14 
0.38 ,0.20 ,0.28 ,0.74 ,0.83 ,14 
0.68 ,0.21 ,0.20 ,0.86 ,0.81 ,13 
0.66 ,0.21 ,0.20 ,0.84 ,0.79 ,13 
0.67 ,0.21 ,0.19 ,0.86 ,0.79 ,13 
0.65 ,0.20 ,0.18 ,0.85 ,0.78 ,13 
0.63 ,0.21 ,0.18 ,0.83 ,0.77 ,13 
0.69 ,0.21 ,0.18 ,0.85 ,0.79 ,13 
0.66 ,0.21 ,0.20 ,0.90 ,0.76 ,13 
0.74 ,0.78 ,0.76 ,0.04 ,0.06 ,12 
0.74 ,0.75 ,0.75 ,0.06 ,0.07 ,12 
0.73 ,0.75 ,0.74 ,0.09 ,0.07 ,12 
0.74 ,0.75 ,0.72 ,0.12 ,0.06 ,12 
0.69 ,0.78 ,0.65 ,0.05 ,0.07 ,12 
0.47 ,0.51 ,0.55 ,0.53 ,0.23 ,11 
0.60 ,0.49 ,0.60 ,0.58 ,0.25 ,11 
0.61 ,0.62 ,0.62 ,0.48 ,0.16 ,11 
0.63 ,0.61 ,0.62 ,0.51 ,0.18 ,11 
0.73 ,0.19 ,0.12 ,0.03 ,0.04 ,10 
0.72 ,0.18 ,0.12 ,0.03 ,0.03 ,10 
0.72 ,0.18 ,0.12 ,0.03 ,0.03 ,10 
0.70 ,0.18 ,0.12 ,0.03 ,0.03 ,10 
0.82 ,0.93 ,0.97 ,0.97 ,0.96 ,9 
0.80 ,0.92 ,0.96 ,0.96 ,0.94 ,9 
0.78 ,0.92 ,0.96 ,0.96 ,0.93 ,9 
0.78 ,0.92 ,0.96 ,0.95 ,0.92 ,9 
0.66 ,0.16 ,0.13 ,0.10 ,0.69 ,8 
0.66 ,0.16 ,0.13 ,0.10 ,0.68 ,8 
0.66 ,0.16 ,0.13 ,0.09 ,0.66 ,8 
0.65 ,0.18 ,0.13 ,0.09 ,0.67 ,8 
0.10 ,0.12 ,0.09 ,0.02 ,0.02 ,7 
0.09 ,0.12 ,0.09 ,0.02 ,0.01 ,7 
0.29 ,0.23 ,0.15 ,0.06 ,0.06 ,7 
0.21 ,0.21 ,0.79 ,0.82 ,0.23 ,6 
0.21 ,0.20 ,0.77 ,0.81 ,0.21 ,6 
0.21 ,0.21 ,0.76 ,0.80 ,0.21 ,6 
0.62 ,0.72 ,0.14 ,0.05 ,0.04 ,5 
0.61 ,0.69 ,0.15 ,0.06 ,0.03 ,5 
0.38 ,0.52 ,0.57 ,0.44 ,0.29 ,0 
0.41 ,0.53 ,0.56 ,0.43 ,0.27 ,0 
0.43 ,0.21 ,0.49 ,0.38 ,0.08 ,1 
0.46 ,0.21 ,0.50 ,0.38 ,0.06 ,1 
0.77 ,0.21 ,0.90 ,0.93 ,1.00 ,2 
0.74 ,0.20 ,0.88 ,0.90 ,0.95 ,2 
0.19 ,0.18 ,0.88 ,0.87 ,0.90 ,3 
0.18 ,0.18 ,0.87 ,0.86 ,0.88 ,3 
0.77 ,0.77 ,0.60 ,0.65 ,0.14 ,4 
0.75 ,0.77 ,0.60 ,0.66 ,0.12 ,4 
0.54 ,0.70 ,0.21 ,0.12 ,0.03 ,5 
0.54 ,0.73 ,0.18 ,0.10 ,0.03 ,5 
0.21 ,0.20 ,0.76 ,0.81 ,0.21 ,6 
0.20 ,0.20 ,0.75 ,0.79 ,0.20 ,6 
0.17 ,0.18 ,0.13 ,0.06 ,0.03 ,7 
0.17 ,0.16 ,0.13 ,0.05 ,0.03 ,7 
0.69 ,0.21 ,0.13 ,0.06 ,0.83 ,8 
0.66 ,0.20 ,0.13 ,0.06 ,0.79 ,8 
0.71 ,0.95 ,0.99 ,0.98 ,0.94 ,9 
0.70 ,0.89 ,0.96 ,0.96 ,0.91 ,9 
0.76 ,0.16 ,0.11 ,0.04 ,0.03 ,10 
0.75 ,0.19 ,0.11 ,0.03 ,0.03 ,10 
0.45 ,0.59 ,0.69 ,0.68 ,0.37 ,11 
0.46 ,0.59 ,0.67 ,0.67 ,0.37 ,11 
0.70 ,0.66 ,0.61 ,0.03 ,0.07 ,12 
0.69 ,0.63 ,0.66 ,0.04 ,0.07 ,12 
0.64 ,0.21 ,0.18 ,0.89 ,0.79 ,13 
0.79 ,0.22 ,0.20 ,0.89 ,0.75 ,13 
0.45 ,0.21 ,0.29 ,0.80 ,0.80 ,14 
0.42 ,0.21 ,0.27 ,0.79 ,0.80 ,14 
0.10 ,0.16 ,0.10 ,0.06 ,0.77 ,15 
0.12 ,0.15 ,0.10 ,0.06 ,0.77 ,15 
0.22 ,0.96 ,0.86 ,0.90 ,0.89 ,16 
0.22 ,0.93 ,0.84 ,0.88 ,0.88 ,16 
0.70 ,0.80 ,0.15 ,0.05 ,0.06 ,17 
0.70 ,0.77 ,0.16 ,0.05 ,0.06 ,17 
0.11 ,0.12 ,0.12 ,0.73 ,0.66 ,18 
0.11 ,0.12 ,0.12 ,0.72 ,0.65 ,18 
0.40 ,0.55 ,0.49 ,0.36 ,0.17 ,0 
0.37 ,0.51 ,0.45 ,0.35 ,0.18 ,0 
0.47 ,0.22 ,0.51 ,0.37 ,0.08 ,1 
0.50 ,0.21 ,0.49 ,0.39 ,0.06 ,1 
0.75 ,0.21 ,0.84 ,0.90 ,0.97 ,2 
0.72 ,0.20 ,0.82 ,0.89 ,0.94 ,2 
0.19 ,0.18 ,0.83 ,0.87 ,0.84 ,3 
0.18 ,0.18 ,0.82 ,0.86 ,0.83 ,3 
0.75 ,0.77 ,0.49 ,0.52 ,0.11 ,4 
0.79 ,0.77 ,0.66 ,0.69 ,0.11 ,4 
0.50 ,0.71 ,0.15 ,0.03 ,0.00 ,5 
0.50 ,0.72 ,0.15 ,0.02 ,0.03 ,5 
0.14 ,0.19 ,0.76 ,0.81 ,0.20 ,6 
0.18 ,0.19 ,0.75 ,0.79 ,0.20 ,6 
0.15 ,0.18 ,0.14 ,0.06 ,0.03 ,7 
0.14 ,0.18 ,0.13 ,0.06 ,0.03 ,7 
0.68 ,0.21 ,0.14 ,0.08 ,0.80 ,8 
0.75 ,0.20 ,0.14 ,0.11 ,0.89 ,8 
0.81 ,1.00 ,1.00 ,0.98 ,0.92 ,9 
0.78 ,0.97 ,0.96 ,0.95 ,0.90 ,9 
0.75 ,0.18 ,0.12 ,0.04 ,0.04 ,10 
0.74 ,0.18 ,0.11 ,0.03 ,0.04 ,10 
0.38 ,0.50 ,0.64 ,0.54 ,0.31 ,11 
0.51 ,0.60 ,0.64 ,0.53 ,0.29 ,11 
0.71 ,0.71 ,0.65 ,0.05 ,0.08 ,12 
0.70 ,0.71 ,0.64 ,0.06 ,0.07 ,12 
0.59 ,0.22 ,0.18 ,0.90 ,0.80 ,13 
0.78 ,0.23 ,0.20 ,0.90 ,0.78 ,13 
0.49 ,0.21 ,0.32 ,0.78 ,0.81 ,14 
0.45 ,0.20 ,0.32 ,0.80 ,0.83 ,14 
0.10 ,0.18 ,0.10 ,0.10 ,0.77 ,15 
0.10 ,0.18 ,0.10 ,0.12 ,0.77 ,15 
0.18 ,0.95 ,0.91 ,0.92 ,0.87 ,16 
0.18 ,0.92 ,0.89 ,0.90 ,0.86 ,16 
0.18 ,0.92 ,0.86 ,0.88 ,0.85 ,16 
0.68 ,0.78 ,0.15 ,0.05 ,0.06 ,17 
0.66 ,0.79 ,0.15 ,0.04 ,0.06 ,17 
0.66 ,0.79 ,0.15 ,0.04 ,0.06 ,17 
0.09 ,0.12 ,0.13 ,0.64 ,0.60 ,18 
0.10 ,0.12 ,0.12 ,0.62 ,0.58 ,18 
0.10 ,0.12 ,0.12 ,0.61 ,0.57 ,18 
0.37 ,0.51 ,0.53 ,0.33 ,0.18 ,0 
0.41 ,0.50 ,0.53 ,0.36 ,0.20 ,0 
0.46 ,0.22 ,0.48 ,0.26 ,0.08 ,1 
0.46 ,0.22 ,0.49 ,0.26 ,0.07 ,1 
0.75 ,0.21 ,0.82 ,0.86 ,0.96 ,2 
0.73 ,0.21 ,0.81 ,0.83 ,0.92 ,2 
0.18 ,0.18 ,0.83 ,0.81 ,0.88 ,3 
0.18 ,0.18 ,0.82 ,0.79 ,0.87 ,3 
0.77 ,0.77 ,0.57 ,0.58 ,0.14 ,4 
0.91 ,0.73 ,0.71 ,0.70 ,0.19 ,4 
0.49 ,0.71 ,0.17 ,0.04 ,0.03 ,5 
0.47 ,0.74 ,0.14 ,0.02 ,0.03 ,5 
0.17 ,0.18 ,0.76 ,0.77 ,0.22 ,6 
0.17 ,0.17 ,0.74 ,0.75 ,0.19 ,6 
0.20 ,0.18 ,0.13 ,0.04 ,0.03 ,7 
0.16 ,0.17 ,0.12 ,0.04 ,0.05 ,7 
0.70 ,0.20 ,0.14 ,0.13 ,0.81 ,8 
0.66 ,0.20 ,0.13 ,0.20 ,0.75 ,8 
0.72 ,0.94 ,0.97 ,0.94 ,0.92 ,9 
0.71 ,0.92 ,0.96 ,0.92 ,0.91 ,9 
0.72 ,0.18 ,0.12 ,0.04 ,0.04 ,10 
0.72 ,0.19 ,0.12 ,0.03 ,0.04 ,10 
0.44 ,0.52 ,0.63 ,0.59 ,0.34 ,11 
0.48 ,0.54 ,0.62 ,0.56 ,0.31 ,11 
0.77 ,0.79 ,0.68 ,0.03 ,0.08 ,12 
0.76 ,0.79 ,0.68 ,0.04 ,0.07 ,12 
0.60 ,0.21 ,0.20 ,0.88 ,0.83 ,13 
0.59 ,0.22 ,0.19 ,0.87 ,0.80 ,13 
0.46 ,0.23 ,0.35 ,0.80 ,0.88 ,14 
0.44 ,0.22 ,0.34 ,0.79 ,0.87 ,14 
0.09 ,0.16 ,0.10 ,0.08 ,0.70 ,15 
0.09 ,0.16 ,0.10 ,0.06 ,0.70 ,15 
0.22 ,0.89 ,0.78 ,0.70 ,0.84 ,16 
0.22 ,0.87 ,0.76 ,0.67 ,0.83 ,16 
0.70 ,0.78 ,0.15 ,0.04 ,0.06 ,17 
0.70 ,0.76 ,0.14 ,0.04 ,0.06 ,17 
0.10 ,0.10 ,0.11 ,0.55 ,0.55 ,18 
0.09 ,0.10 ,0.12 ,0.55 ,0.53 ,18 
0.09 ,0.10 ,0.12 ,0.56 ,0.54 ,18 
